icao,iata,synop,name,state,country,lat,lon,elev,priority,srcid
K5J0,5J0,,John Day State,OR,US,44.3833333333,-118.966666667,1127,8,k5j0
,,,afa,,,48.02,-65.04,0,7,afa
KTYR,TYR,,Tyler/Pounds Field,TX,US,32.35,-95.4,165,4,ktyr
KOQU,OQU,,N. Kingston/Quon,RI,US,41.61,-71.42,6,7,koqu
MMVR,VER,76692,Veracruz/Gen Heriberto Vara,,MX,19.15,-96.18,16,7,mmvr
KUIL,UIL,72797,Quillayute State,WA,US,47.96,-124.55,54,2,uil
,,,b#6,,,25.9,-93.58,0,7,b#6
KLWA,LWA,,South Haven Area Rgnl,MI,US,42.351,-86.256,203,8,lwa
KREJ,REJ,72661,Redig,SD,US,45.22,-103.61,955,8,bh1
,,,wxk,,,69.53,-120.86,197,7,wxk
,,,ls2,,,47.56,-86.53,183,7,ls2
,,,g003,,,44.5,-122.64,445,7,g003
KRDU,RDU,72306,Raleigh-Durham,NC,US,35.88,-78.78,130,2,krdu
SKBO,,80222,Bogota/Eldorado,,CO,4.7,-74.1166666667,2548,6,skbo
PABT,BTT,70174,Bettles Field,AK,US,66.92,-151.52,195,6,pabt
KMGM,MGM,72226,Montgomery/Danne,AL,US,32.3,-86.4,63,4,kmgm
KDMW,DMW,,Westminster,MD,US,39.61,-77.05,188,8,w54
KJAY,JAY,,Jay Peak,VT,US,44.97,-72.56,355,8,jayv
TISX,,78547,Christiansted/Alexander,,VI,17.7,-64.8,19,6,tisx
KESC,ESC,72648,Escanaba,MI,US,45.73,-87.08,187,7,kesc
KJKL,JKL,,Jackson,KY,US,37.58,-83.32,416,5,kjkl
KLAA,LAA,72463,Lamar,CO,US,38.07,-102.68,1119,4,laa
KUCA,UCA,,Utica,NY,US,43.15,-75.3833333333,228,4,kuca
,,,atl4,,,38.56,-73.79,0,7,atl4
MUHA,,78224,Havana/Jose Martinez,,CU,22.98,-82.4,64,0,muha
CYQH,YQH,71953,Watson Lake,YK,CA,60.12,-128.82,690,6,cyqh
TDPD,,78905,Melville Hall Ar,,DM,15.55,-61.3,14,7,tdpd
KBVX,BVX,,Batesville,AR,US,35.73,-91.65,141,7,kbvx
KHKY,HKY,,Hickory,NC,US,35.76,-81.38,354,6,khky
KAUS,AUS,72254,Austin/Bergstrom Intl,TX,US,30.183,-97.68,166,3,kaus
,,,g007,,,44.06,-120.54,1352,7,g007
KSLE,SLE,72694,Salem/Mcnary,OR,US,44.93,-123.02,59,2,ksle
KNBK,NBK,,New Brunswick,NJ,US,40.47,-74.4,25,8,rutg
MSSS,,78663,Ilopango/San Salvador,,SV,13.7,-89.12,616,6,msss
KVCT,VCT,72255,Victoria Rgnl,TX,US,28.86,-96.92,31,6,kvct
,,,b46,,,28.7,-96.01,2,7,b46
,,,a#e,,,60.97,-149.25,640,7,a#e
,,,efl,,,60.0,-120.0,449,7,efl
,,,coa,,,36.15,-120.32,369,7,coa
,,,lin,,,35.62,-87.85,188,7,lin
CYYT,YYT,71801,St. Johns/Torbay,NF,CA,47.62,-52.75,140,5,cyyt
,,,mrp,,,48.35,-113.28,1768,7,mrp
CYVP,YVP,71906,Kuujjuaq,QB,CA,58.11,-68.42,60,5,cyvp
,,,nck,,,60.02,-151.56,172,7,nck
,,,lhs,,,35.59,-119.72,133,7,lhs
KFMY,FMY,,Fort Myers/Page Field,FL,US,26.58,-81.87,4,6,kfmy
KMCO,MCO,72205,Orlando Jetport,FL,US,28.43,-81.32,29,2,kmco
,,,eon,,,42.46,-74.99,504,7,eon
MUBY,,,Bayamo,,CU,20.4,-76.6166666667,64,7,muby
,,,a#c,,,59.89,-161.88,1,7,a#c
,,,bky,,,34.86,-91.27,54,7,bky
KCCR,CCR,,Concord/Buchanan Fld,CA,US,37.98,-122.05,11,7,ccr
,,,c12,,,33.66,-97.38,298,7,c12
MMNL,NLD,,Nuevo Laredo Intl,,MX,27.43,-99.57,148,6,mmnl
KFHU,FHU,72273,Fort Huachuca,AZ,US,31.58,-110.33,1438,6,fhu
SKBQ,,80028,Barranquilla/Ern,,CO,10.9,-74.7666666667,10,6,skbq
KLRU,LRU,,Las Cruces,NM,US,32.289,-106.922,1358,7,klru
KISQ,ISQ,,Manistique/Schoolcraft Co,MI,US,45.97,-86.17,209,7,isq
,,,ldl,,,39.1,-106.24,3274,7,ldl
MPTO,,78792,Tocumen,,PA,9.05,-79.3666666667,45,6,mpto
PAHO,HOM,70341,Homer Muni,AK,US,59.64,-151.5,28,6,hom
KLVS,LVS,,Las Vegas,NM,US,35.66,-105.15,2091,3,klvs
K40B,40B,,Clayton Lake,ME,US,46.62,-69.52,314,8,k40b
KVBG,VBG,72393,Vandenberg AFB,CA,US,34.75,-120.57,112,3,vbg
,,,b49,,,18.0,-67.04,65,7,b49
KCDS,CDS,,Childress Muni,TX,US,34.4275,-100.284,594,3,kcds
KTTD,TTD,,Portland-Troutdale,OR,US,45.55,-122.4,14,6,kttd
KBFI,BFI,,Seattle/Boeing Fld/King Co Intl,WA,US,47.53,-122.3,4,1,kbfi
KLAS,LAS,72386,Las Vegas/Mccarren,NV,US,36.09,-115.17,636,2,klas
TNCC,,78988,Hato Airport,,VI,12.2,-68.97,9,8,tncc
KCOD,COD,72670,Cody Muni,WY,US,44.53,-109.02,1553,3,kcod
,,,vanc,,,45.59,-67.4,149,7,vanc
KJXN,JXN,,Jackson/Reynolds,MI,US,42.27,-84.47,305,6,kjxn
,,,gvs,,,40.71,-86.02,229,7,gvs
KLFK,LFK,,Lufkin,TX,US,31.23,-94.75,88,6,klfk
,,,a#4,,,60.61,-173.37,0,7,a#4
CYMD,YMD,71072,Mould Bay/P Is,NT,CA,76.23,-119.32,12,7,cymd
KHSV,HSV,72323,Huntsville/Madis,AL,US,34.66,-86.77,191,4,khsv
CYJT,YJT,71815,Stephenville,NF,CA,48.54,-58.55,26,5,cyjt
MDSD,,78485,Caucedo/De Las Amer,,DO,18.43,-69.67,18,6,mdsd
KLGU,LGU,,Logan-Cache,UT,US,41.79,-111.85,1355,6,klgu
KU24,U24,72479,Delta,UT,US,39.34,-112.59,1414,7,u24
KPKB,PKB,72427,Parkersburg,WV,US,39.36,-81.43,262,6,kpkb
KVSF,VSF,,Springfield St,VT,US,43.34,-72.52,175,7,vsf
KSLK,SLK,,Saranac Lake/Adirondack Regnl,NY,US,44.39,-74.21,498,6,kslk
PAEI,EIL,70265,Eielson AFB,AK,US,64.67,-147.1,167,6,paei
KLOR,LOR,,Ft Rucker/Ozark,AL,US,31.356,-85.751,74,7,lor
MZBZ,,78583,Belize City,,BZ,17.53,-88.3,5,5,mzbz
KFWD,FWD,72249,Fort Worth,TX,US,32.8166666667,-97.2833333333,196,8,fwd
KP53,P53,,Munising,MI,US,46.412,-86.651,187,7,p53
KEDW,EDW,72381,Edwards AFB,CA,US,34.91,-117.87,702,3,edw
KPUW,PUW,,Pullman/Moscow Regnl,WA,US,46.76,-117.12,773,7,kpuw
KHLN,HLN,72772,Helena Rgnl,MT,US,46.61,-112.0,1182,4,khln
CYFS,YFS,71946,Fort Simpson,NT,CA,61.8,-121.2,169,6,cyfs
KABE,ABE,72517,Allentown-Bethlehem,PA,US,40.66,-75.43,114,6,kabe
KHVL,HVL,74541,Haviland Profile,KS,US,37.63,-99.04,635,8,p#e
KALB,ALB,72518,Albany County,NY,US,42.76,-73.8,92,3,kalb
KAOO,AOO,,Altoona/Blair Co,PA,US,40.3,-78.32,455,6,kaoo
KIRK,IRK,,Kirksville Regnl,MO,US,40.15,-92.53,272,6,kkl
KVEL,VEL,,Vernal,UT,US,40.44,-109.51,1604,6,kvel
,,,piko,,,52.94,-168.81,42,7,piko
KMTJ,MTJ,,Montrose,CO,US,38.51,-107.88,1750,6,kmtj
,,,mtl,,,60.06,-139.95,1024,7,mtl
,,,s#7,,,27.98,-86.94,0,7,s#7
KRUT,RUT,,Rutland,VT,US,43.54,-72.95,240,7,rut
,HBR,74546,Hillsboro Profil,KS,US,38.33,-97.23,446,8,p#g
,,,s#3,,,33.94,-126.01,0,7,s#3
CYPE,YPE,71068,Peace River,AB,CA,56.23,-117.45,571,6,cype
MMCL,CUL,76412,Culiacan,,MX,24.82,-107.4,39,6,mmcl
MMDO,DGO,76423,Durango,,MX,24.13,-104.53,1857,1,mmdo
CYQY,YQY,71707,Sydney,NS,CA,46.18,-60.05,62,6,cyqy
KNKX,NKX,72293,Miramar NAS,CA,US,32.88,-117.15,146,5,nkx
KPIE,PIE,,St Petersburg/Clearwater Intl,FL,US,27.91,-82.69,4,6,kpie
KPBF,PBF,,Pine Bluff/Gridr,AR,US,34.18,-91.93,62,6,kpbf
,,,icc,,,70.19,-161.93,8,7,icc
,,,b#w,,,38.54,-74.69,0,7,b#w
,,,k4s3,,,45.37,-117.31,1726,7,k4s3
CYYJ,YYJ,71799,Victoria Intl,BC,CA,48.66,-123.43,19,6,cyyj
,,,a#d,,,60.51,-149.82,667,7,a#d
,,,b#8,,,27.89,-94.97,0,7,b#8
KPEQ,PEQ,,Pecos,TX,US,31.382,-103.511,797,8,kpeq
KEGC,EGC,,Everglades City,FL,US,25.89,-81.32,2,7,evr
CYZT,YZT,71109,Port Hardy,BC,CA,50.69,-127.37,22,0,cyzt
KBFF,BFF,72566,Scottsbluff/Heil,NE,US,41.88,-103.6,1203,6,kbff
,,,b#1,,,34.87,-72.99,0,7,b#1
,,,lo1,,,43.62,-77.48,75,7,lo1
,,,opp7,,,39.23,-125.59,0,7,opp7
CYQQ,YQQ,71893,Comox,BC,CA,49.73,-124.9,24,6,cyqq
PAAQ,PAQ,70274,Palmer Muni,AK,US,61.61,-149.09,73,6,paaq
CYRB,YRB,71924,Resolute,NU,CA,74.72,-94.95,67,5,cyrb
MMUN,CUN,76595,Cancun Intl,,MX,21.03,-86.87,10,1,mmun
,,,kna,,,60.61,-150.28,223,7,kna
KRNT,RNT,,Renton Muni,WA,US,47.5,-122.22,21,7,krnt
KBJC,BJC,,Broomfield,CO,US,39.909,-105.117,1724,1,kbjc
KTCS,TCS,72271,Truth Or Consequences,NM,US,33.23,-107.27,1469,6,ktcs
KSTL,STL,72434,St. Louis Lambert,MO,US,38.76,-90.37,171,0,kstl
KPNC,PNC,,Ponca City,OK,US,36.73,-97.1,308,6,kpnc
KBOI,BOI,72681,Boise,ID,US,43.58,-116.22,875,0,kboi
KELO,ELO,,Ely,MN,US,47.91,-91.82,443,7,kelo
KCON,CON,72605,Concord Muni,NH,US,43.21,-71.5,103,6,kcon
KOAJ,OAJ,,Jacksonville/Ellis,NC,US,34.83,-77.62,29,7,koaj
PATL,TLJ,,Tatalina,AK,US,62.91,-155.99,294,6,patl
UHMA,,25563,Anadyr',HA,RU,64.78,177.57,62,6,uhma
,TCU,74731,Tucumcari Profil,NM,US,35.06,-103.6,1268,8,p#s
KLWM,LWM,,Lawrence,MA,US,42.73,-71.12,54,7,klwm
K87Q,87Q,72390,Punta Piedras,CA,US,35.76,-121.28,262,7,ppb
MUGM,,78367,Guantanamo Bay,CU,CU,19.906,-75.207,17,6,mugm
KLOL,LOL,72580,Lovelock/Darby,NV,US,40.08,-118.55,1189,6,klol
KRCZ,RCZ,,Rockingham,NC,US,34.891,-79.759,109,7,krcz
KCEC,CEC,,Crescent City,CA,US,41.79,-124.24,17,6,kcec
,,,appl,,,43.03,-70.6,0,7,appl
KGNV,GNV,,Gainesville Regnl,FL,US,29.68,-82.27,45,4,kgnv
KALS,ALS,72462,Alamosa Muni,CO,US,37.46,-105.87,2299,6,kals
CYFB,YFB,71909,Frobisher/Iqaluit,NU,CA,63.76,-68.54,34,5,cyfb
,,,opp6,,,41.89,-125.75,0,7,opp6
KLAX,LAX,72295,Los Angeles Intl,CA,US,33.94,-118.4,46,0,klax
KBRD,BRD,,Brainerd/Crow Wg,MN,US,46.4,-94.13,372,4,kbrd
CYCX,YCX,71701,Gagetown,NB,CA,45.84,-66.43,51,6,cycx
,,,mch,,,35.43,-86.06,337,7,mch
KSTF,STF,,Starkville,MS,US,33.49,-88.84,83,8,stv
PAFM,AFM,,Ambler,AK,US,67.1,-157.85,88,7,pafm
KOTX,OTX,72786,Spokane Intl,WA,US,47.68,-117.63,727,8,kotx
MTCH,,78409,Cap-Haitien,,HT,19.75,-72.1833333333,2,5,mtch
,,,3j2,,,30.99,-78.95,0,7,3j2
KCOU,COU,72445,Columbia Rgnl,MO,US,38.83,-92.22,271,4,kcou
,,,b#7,,,25.89,-85.92,0,7,b#7
KBHM,BHM,72228,Birmingham Intl,AL,US,33.56,-86.75,197,4,kbhm
KLGA,LGA,72503,New York/La Guardia,NY,US,40.78,-73.88,11,1,klga
,,,lsy,,,36.24,-119.12,90,7,lsy
,,,b#d,,,42.47,-130.42,0,7,b#d
,,,lh2,,,44.27,-82.35,176,7,lh2
KVIH,VIH,,Vichy/Rolla,MO,US,38.14,-91.77,333,7,vih
,,,b#b,,,41.11,-66.63,0,7,b#b
KBFL,BFL,72384,Bakersfield/Mead,CA,US,35.43,-119.05,151,6,bfl
KBCE,BCE,,Bryce Canyon,UT,US,37.71,-112.16,2312,6,kbce
KAAT,AAT,,Alturas Muni,CA,US,41.491,-120.564,1331,7,kaat
CYZS,YZS,71915,Coral Harbour,NU,CA,64.2,-83.37,64,5,cyzs
KRUM,RUM,72618,Rumford,ME,US,44.54,-70.53,207,8,krum
KUKI,UKI,,Ukiah,CA,US,39.14,-123.2,187,6,kuki
,,,ls1,,,48.0,-87.71,183,7,ls1
BGTL,,4202,Thule Ab,,GL,76.5333333333,-68.7,77,6,bgtl
KMVL,MVL,,Morrisville,VT,US,44.53,-72.61,234,7,kmvl
KAVL,AVL,72315,Asheville Rgnl,NC,US,35.44,-82.55,670,4,kavl
,,,won,,,63.48,-150.86,715,7,won
,,,b47,,,29.83,-91.59,1,7,b47
KCRW,CRW,72414,Charleston/Kanaw,WV,US,38.38,-81.6,309,6,kcrw
KPRC,PRC,,Prescott/Ernest A Love Fld,AZ,US,34.65,-112.42,1524,3,prc
CYMO,YMO,71836,Moosonee,ON,CA,51.289,-80.614,10,5,cymo
,,,ftr,,,62.53,-106.95,357,7,ftr
PAEG,EAA,,Eagle,AK,US,64.78,-141.15,268,7,paeg
,,,estc,,,47.43,-69.25,384,7,estc
,,,w#n,,,37.43,-96.92,395,7,w#n
,,,ftsr,,,34.43,-104.2,1277,7,ftsr
KMHS,MHS,72595,Mount Shasta,CA,US,41.33,-122.32,1078,7,mhs
,,,can,,,42.07,-73.19,386,7,can
KOGS,OGS,,Ogdensburg,NY,US,44.69,-75.4,91,7,ogs
CYSJ,YSJ,71609,Saint John,NB,CA,45.33,-65.88,109,6,cysj
CYVO,YVO,71725,Val D'Or,QB,CA,48.05,-77.78,337,6,cyvo
KDOV,DOV,,Dover AFB,DE,US,39.14,-75.47,9,6,dov
KCAE,CAE,72310,Columbia Metro,SC,US,33.96,-81.12,70,3,kcae
,,,b#v,,,40.68,-72.07,0,7,b#v
KACK,ACK,72506,Nantucket Memorial,MA,US,41.26,-70.07,16,2,kack
SVMI,,80415,Caracas/S. Boliv,,VE,10.5833333333,-67.0,48,6,svmi
KJAN,JAN,72235,Jackson/Thompson,MS,US,32.33,-90.08,91,3,kjan
MNMG,,78741,Managua/Augusto,,NI,12.15,-86.1666666667,59,6,mnmg
CYVQ,YVQ,71043,Norman Wells,NT,CA,65.28,-126.8,74,5,cyvq
,,,b#f,,,46.12,-130.96,0,7,b#f
MMAA,ACA,,Acapulco/Gen Alvarez,,MX,16.77,-99.75,5,3,mmaa
KTYS,TYS,72326,Knoxville Muni,TN,US,35.81,-83.98,302,4,ktys
KJST,JST,,Johnstown,PA,US,40.33,-78.83,694,6,kjst
KLEE,LEE,,Leesburg Muni,FL,US,28.82,-81.81,23,7,klee
KSUX,SUX,72557,Sioux City Muni,IA,US,42.41,-96.38,338,3,ksux
,,,uhaz,,,64.67,177.47,36,7,uhaz
KGVL,GVL,,Gainsvil/Gilmer,GA,US,34.26,-83.83,386,7,gvl
PAUN,UNK,70207,Unalakleet,AK,US,63.89,-160.81,6,6,paun
KHYR,HYR,,Hayward,WI,US,46.025,-91.444,370,6,hyr
KSUS,SUS,,St Louis/Spirit,MO,US,38.66,-90.63,141,3,ksus
,,76256,Empalme,,MX,27.95,-110.766666667,12,8,emp
,,,col2,,,45.67,-121.57,473,7,col2
KMHX,MHX,72305,Morehead/Newport,NC,US,34.7666666667,-76.8666666667,9,8,kmhx
PADL,DLG,70321,Dillingham,AK,US,59.05,-158.52,26,6,padl
,,,a#8,,,51.13,-147.47,0,7,a#8
PATA,TAL,70178,Tanana/Calhoun Mem,AK,US,65.17,-152.1,67,6,pata
KGJT,GJT,72476,Grand Junction,CO,US,39.12,-108.53,1475,2,kgjt
KPUB,PUB,72464,Pueblo Memorial,CO,US,38.29,-104.52,1420,3,kpub
KP38,P38,72487,Caliente,NV,US,37.62,-114.52,1333,8,kp38
,,,mcr,,,32.08,-82.96,75,7,mcr
MYEG,,78092,George Town,Exuma,BS,23.5,-75.766,3,7,myeg
MMMZ,MZT,,Mazatlan/Gen Buelna,,MX,23.17,-106.27,10,5,mzt
KSFF,SFF,,Spokane/Felts Fld,WA,US,47.68,-117.32,609,6,ksff
KLHX,LHX,,La Junta,CO,US,38.05,-103.52,1277,7,lhx
PANT,ANN,70398,Annette Island,AK,US,55.04,-131.57,36,5,pant
KACY,ACY,72407,Atlantic City In,NJ,US,39.46,-74.57,23,4,kacy
KMSN,MSN,72641,Madison/Dane Rgnl,WI,US,43.14,-89.33,261,4,kmsn
,,,nw4,,,47.01,-138.05,0,7,nw4
,,,nw7,,,48.54,-129.47,0,7,nw7
,,,95e,,,33.8,-106.64,1474,7,95e
,,,cai,,,37.29,-88.86,118,7,cai
,,,g#5,,,28.36,-98.68,103,7,g#5
KBAF,BAF,,Westfield/Barnes Muni,MA,US,42.16,-72.72,83,6,kbaf
KSRQ,SRQ,,Sarasota/Bradenton Intl,FL,US,27.4,-82.55,18,6,ksrq
,WNC,74556,Winchester Profi,IL,US,39.71,-90.52,165,8,p#j
KDYS,DYS,69019,Dyess AFB/Ablene,TX,US,32.44,-99.85,545,6,dys
MHCH,,78724,Choluteca,,HN,13.3166666667,-87.15,48,6,mhch
SKMD,,80110,Medellin/Olaya H,,CO,6.21666666667,-75.5833333333,1499,7,skmd
KSHR,SHR,72666,Sheridan Co.,WY,US,44.78,-106.97,1202,1,kshr
,,,qrz,,,65.42,-164.62,135,7,qrz
KAQP,AQP,,Appleton Muni,MN,US,45.23,-96.0,311,7,kaqp
,,,b#n,,,17.21,-157.77,0,7,b#n
,,,awr,,,67.73,-144.02,566,7,awr
,,,ils,,,28.89,-118.29,0,7,ils
KJMS,JMS,,Jamestown,ND,US,46.93,-98.68,455,6,kjms
KMTV,MTV,,Martinsville,VA,US,36.63,-80.02,287,7,mtv
KCLE,CLE,72524,Cleveland/Hopkin,OH,US,41.43,-81.87,233,3,cle
MMPR,PVR,,Puerto Vallarta,,MX,20.68,-105.25,6,6,mmpr
,,,b#j,,,46.23,-124.18,0,7,b#j
KAYS,AYS,72213,Waycross/Ware Co,GA,US,31.25,-82.4,46,7,kays
KWYS,WYS,,W Yellowstone,MT,US,44.6884,-111.118,2025,8,kwys
CYOW,YOW,71628,Ottawa Intl,ON,CA,45.33,-75.67,114,2,cyow
KBLI,BLI,,Bellingham Intl,WA,US,48.79,-122.54,50,6,kbli
KLFT,LFT,,Lafayette Regnl,LA,US,30.2,-91.99,11,6,klft
,,,u#2,,,70.99,-178.7,155,7,u#2
TKPK,,78858,Golden Rock,,KN,17.3,-62.68,48,6,tkpk
KMPV,MPV,,Montpelier/Knapp,VT,US,44.21,-72.57,343,4,kmpv
CYQK,YQK,71850,Kenora,ON,CA,49.79,-94.37,411,6,cyqk
CWSE,WSE,71119,Edmonton/Stony P,AB,CA,53.5333333333,-114.083333333,766,8,cwse
,,,bh5,,,43.5,-103.69,1315,7,bh5
KRIW,RIW,72672,Riverton,WY,US,43.05,-108.45,1697,2,kriw
KCXO,CXO,,Conroe/Montgomery Co,TX,US,30.36,-95.41,75,8,kcxo
KHXD,HXD,,Hilton Head Is,SC,US,32.22,-80.7,6,7,khxd
KAGC,AGC,,Pittsburgh/Allegheny Co,PA,US,40.35,-79.93,389,6,kagc
,,,oppa,,,34.56,-122.3,0,7,oppa
MMCV,CVM,76491,Cuidad Victoria,,MX,23.72,-98.97,238,6,mmcv
KRCX,RCX,,Ladysmith,WI,US,45.497,-91.0,377,8,krcx
PAGA,GAL,70222,Galena Airport,AK,US,64.74,-156.94,46,6,paga
,,,oppb,,,30.94,-121.54,0,7,oppb
PAMD,MDO,70343,Middleton Is,AK,US,59.44,-146.33,14,7,pamd
,,,b#k,,,40.36,-124.5,0,7,b#k
,,,cfc,,,39.03,-120.95,616,7,cfc
KFNT,FNT,72637,Flint/Bishop Intl,MI,US,42.98,-83.73,233,4,kfnt
KDTX,DTX,72632,Detroit,MI,US,42.71,-83.47,327,8,dtx
,,,b44,,,28.38,-110.33,315,7,b44
KPSM,PSM,,Pease/Portsmouth,NH,US,43.09,-70.82,31,6,kpsm
CYXC,YXC,71880,Cranbrook,BC,CA,49.62,-115.78,939,6,cyxc
MMMY,MTY,,Monterrey/Gen Maria,,MX,25.78,-100.1,387,6,mmmy
KASE,ASE,,Aspen-Pitkin Co/Sardy Field,CO,US,39.22,-106.87,2354,4,kase
KSMP,SMP,,Stampede Pass,WA,US,47.29,-121.33,1208,3,smp
KPHX,PHX,72278,Phoenix/Sky Harbor,AZ,US,33.44,-112.02,336,0,kphx
KCVS,CVS,,Clovis/Cannon,NM,US,34.39,-103.32,1309,4,cvs
KBPI,BPI,72671,Big Piney,WY,US,42.58,-110.1,2117,6,kbpi
KRDD,RDD,72592,Redding Muni,CA,US,40.51,-122.3,155,3,krdd
KCAR,CAR,72712,Caribou,ME,US,46.88,-68.02,191,0,kcar
PHNA,NAX,,Barbers Pt NAS,HI,US,21.3166666667,-158.066666667,15,8,phna
KNSI,NSI,72291,San Nicolas Is.,CA,US,33.26,-119.45,154,7,knsi
KMLS,MLS,74230,Miles City,MT,US,46.44,-105.87,801,4,kmls
KAGS,AGS,72218,Augusta/Bush Field,GA,US,33.38,-81.97,44,4,kags
KERY,ERY,,Newberry,MI,US,46.31,-85.46,265,7,kery
KACT,ACT,72256,Waco-Madison Coo,TX,US,31.62,-97.22,151,6,kact
MMCE,CME,,Ciudad Del Carmen,,MX,18.65,-91.8,2,6,mmce
KGPI,GPI,,Kalispell,MT,US,48.3,-114.27,908,6,kgpi
MHYR,,78707,Yoro,,HN,15.1333333333,-87.1166666667,670,6,mhyr
KIMM,IMM,,Immokalee,FL,US,26.4333333333,-81.4,12,8,kimm
KPNT,PNT,,Pontiac,IL,US,40.92,-88.63,201,7,pnt
MMGL,GDL,,Guadalajara/Don Miguel,,MX,20.52,-103.32,1528,5,mmgl
CYZX,YZX,71397,Greenwood,NS,CA,44.98,-64.92,28,6,cyzx
KFLO,FLO,,Florence Regnl,SC,US,34.19,-79.72,44,6,kflo
KENV,ENV,72581,Wendover (Autob),UT,US,40.73,-114.03,1292,4,kenv
KPHF,PHF,,Patrick Henry,VA,US,37.14,-76.5,12,6,kphf
KORE,ORE,,Orange,MA,US,42.58,-72.28,164,7,kore
CYHZ,YHZ,71395,Halifax Intl,NS,CA,44.89,-63.52,145,0,cyhz
,,,ptba,,,37.85,-122.53,45,7,ptba
KEGE,EGE,,Eagle,CO,US,39.66,-106.92,1993,6,kege
KMKE,MKE,,Milwaukee/Mitche,WI,US,42.96,-87.9,206,3,kmke
KSAF,SAF,,Santa Fe,NM,US,35.62,-106.08,1930,1,ksaf
KMHR,MHR,,Sacramento Mather Ap,CA,US,38.5553,-121.297,29,7,kmhr
KHON,HON,72654,Huron Rgnl,SD,US,44.39,-98.22,390,6,khon
KMQT,MQT,72743,Marquette Co.,MI,US,46.54,-87.57,430,4,kmqt
KDSM,DSM,72546,Des Moines Intl,IA,US,41.54,-93.65,295,2,kdsm
KSPD,SPD,,Springfield/Comanche Natl Grass,CO,US,37.3,-102.58,1329,7,8v7
KCTY,CTY,72212,Cross City,FL,US,29.62,-83.1,13,6,cty
TFFR,,78897,Le Raizet,,GP,16.2666666667,-61.5333333333,11,8,tffr
KEMP,EMP,,Emporia,KS,US,38.34,-96.2,367,7,kemp
KMFE,MFE,,Mcallen/Miller Intl,TX,US,26.18,-98.24,38,6,kmfe
PAEH,EHM,70305,Cape Newenham,AK,US,58.66,-162.07,161,6,paeh
KMRB,MRB,,Martinsburg,WV,US,39.41,-77.98,164,4,kmrb
KRBL,RBL,72591,Red Bluff Muni,CA,US,40.15,-122.25,104,6,krbl
,,,c33,,,35.33,-98.89,471,7,c33
,,,pfd,,,36.87,-119.28,622,7,pfd
KHOB,HOB,,Hobbs,NM,US,32.69,-103.2,1115,6,khob
KSAN,SAN,72290,San Diego/Lindbe,CA,US,32.73,-117.17,12,2,ksan
,,,lm2,,,42.71,-86.98,176,7,lm2
KCIC,CIC,72497,Chico,CA,US,39.79,-121.85,73,7,kcic
,,,c08,,,37.36,-105.16,2971,7,c08
KLKN,LKN,72582,Elko/Wfo,NV,US,40.8666666667,-115.716666667,1608,8,klkn
KMFR,MFR,72597,Medford/Jackson,OR,US,42.38,-122.87,396,0,kmfr
KREO,REO,,Rome,OR,US,42.58,-117.89,1235,6,reo
KACV,ACV,,Arcata/Eureka,CA,US,40.99,-124.1,67,6,kacv
,,,g#4,,,30.46,-99.08,559,7,g#4
KMOX,MOX,,Morris Muni,MN,US,45.5,-95.92,343,7,mrs
KFPK,FPK,,Charlotte/Fitch H Beach Muni,MI,US,42.57,-84.81,272,7,fpk
PASW,SKW,70255,Skwentna,AK,US,61.97,-151.18,48,7,pasw
CYPL,YPL,71845,Pickle Lake,ON,CA,51.48,-90.2,373,5,cypl
KMHT,MHT,,Manchester,NH,US,42.94,-71.43,81,6,kmht
PAWG,WRG,70387,Wrangell,AK,US,56.48,-132.396,11,6,pawg
KNEW,NEW,,New Orleans/Lakefront,LA,US,30.04,-90.03,3,1,knew
,,,c27,,,37.97,-79.97,687,7,c27
MMCZ,CZM,76648,Cozumel,,MX,20.53,-86.93,5,6,mmcz
KDAN,DAN,,Danville,VA,US,36.58,-79.33,175,6,kdan
,,,abl,,,34.08,-86.09,249,7,abl
KFDR,FDR,,Frederick Muni,OK,US,34.35,-98.98,386,5,fdr
CYXS,YXS,71908,Prince George,BC,CA,53.89,-122.68,691,0,cyxs
KMOB,MOB,72223,Mobile/Bates Field,A,US,30.68,-88.25,63,3,kmob
KAZO,AZO,,Kalamazoo Intl A,MI,US,42.24,-85.55,272,6,kazo
KLNK,LNK,72551,Lincoln Muni,NE,US,40.86,-96.75,364,3,klnk
,,,pwn,,,46.78,-91.19,285,7,pwn
,,,5ag,,,58.04,-141.97,0,7,5ag
CYYG,YYG,71706,Charlottetown,PE,CA,46.29,-63.13,54,6,cyyg
MUGT,,78267,Guantanamo,,CU,20.0833333333,-75.15,8,7,mugt
CYTL,YTL,71848,Big Trout Lake,ON,CA,53.83,-89.87,224,6,cytl
,BLM,74662,Bloomfield Profi,MO,US,36.83,-89.94,105,8,p#r
,,,alta,,,40.55,-111.57,2246,7,alta
KPOU,POU,,Poughkeepsie,NY,US,41.64,-73.88,46,4,kpou
KGMU,GMU,,Greenville Downtown,SC,US,34.85,-82.35,315,5,kgmu
KIAH,IAH,72243,Houston Bush Intl Ap,TX,US,29.97,-95.35,36,2,kiah
KROD,ROD,,Rosewood Vor,OH,US,40.2833333333,-84.0333333333,360,8,rod
,,,b#o,,,19.27,-160.79,0,7,b#o
,,,b#s,,,36.56,-74.83,0,7,b#s
KIND,IND,72438,Indianapolis Intl,IN,US,39.73,-86.27,241,2,kind
KRNK,RNK,72318,Roanoke/Blacksbg,VA,US,37.2,-80.4,648,8,krnk
MRCH,,,Chacharita,,CR,9.98333333333,-84.7833333333,2,7,mrch
,PRC,74649,Purcell Profiler,OK,US,34.98,-97.46,333,8,p#q
KCRP,CRP,72251,Corpus Christi I,TX,US,27.77,-97.5,14,2,kcrp
KCNK,CNK,72458,Concordia,KS,US,39.55,-97.65,447,7,kcnk
KTVC,TVC,,Traverse City/Cherry Capital,MI,US,44.73,-85.58,190,6,ktvc
,,,g#d,,,23.29,-91.58,0,7,g#d
KGFL,GFL,,Glens Falls,NY,US,43.36,-73.62,103,6,kgfl
,,,kak,,,57.01,-133.83,79,7,kak
KMKC,MKC,,Kansas City Downtown,MO,US,39.12,-94.6,227,1,kmkc
KLRD,LRD,72252,Laredo Intl,TX,US,27.54,-99.47,155,3,klrd
PAKT,KTN,70395,Ketchikan Intl,AK,US,55.35,-131.7,28,6,pakt
KHSI,HSI,,Hastings,NE,US,40.61,-98.43,591,7,hsi
KSYR,SYR,72519,Syracuse/Hancock,NY,US,43.12,-76.12,127,3,ksyr
KFAM,FAM,,Farmington Regnl,MO,US,37.76,-90.43,288,6,kfam
CYYZ,YYZ,71624,Toronto Intl,ON,CA,43.69,-79.63,173,3,cyyz
KPIT,PIT,72520,Pittsburgh Intl,PA,US,40.51,-80.22,357,2,kpit
,GDA,74530,Granada Profiler,CO,US,37.83,-102.24,1153,8,p#c
KHRL,HRL,,Harlingen,TX,US,26.23,-97.67,10,6,khrl
KCHE,CHE,,Hayden Vor,CO,US,40.4833333333,-107.216666667,2339,8,che
KBGR,BGR,72607,Bangor Intl,ME,US,44.81,-68.83,57,3,kbgr
KGCK,GCK,,Garden City,KS,US,37.94,-100.72,877,4,kgck
KAUW,AUW,72646,Wausau/Alexander,WI,US,44.93,-89.62,362,6,kauw
K2F1,2F1,,Shamrock,TX,US,35.22,-100.22,691,8,srk
KBWG,BWG,,Bowling Green,KY,US,36.96,-86.42,168,4,kbwg
KUVA,UVA,,Uvalde,TX,US,29.211,-99.744,287,7,uva
KPVW,PVW,,Plainview,TX,US,34.23,-101.77,1040,7,c10
,,,c11,,,33.63,-99.25,387,7,c11
CWZB,WZB,71197,Port Aux Basques,NF,CA,47.58,-59.17,40,7,cwzb
KPSF,PSF,,Pittsfield Muni,MA,US,42.43,-73.29,355,7,kpsf
K9B6,9B6,,Sewel Ridge,ME,US,43.0,-68.0,150,8,9b6
KJDN,JDN,,Jordan,MT,US,47.33,-106.93,801,7,jdn
MDST,,78460,Santiago Intl,,DO,19.47,-70.7,184,6,mdst
KIDA,IDA,,Idaho Falls/Fang,ID,US,43.53,-112.07,1453,6,kida
PALU,LUR,70104,Cape Lisburne,AK,US,68.89,-166.14,3,6,palu
CYVV,YVV,71633,Wiarton,ON,CA,44.76,-81.1,222,6,cyvv
KGNR,GNR,72619,Greenville Muni,ME,US,45.462,-69.595,427,7,kgnr
KTRK,TRK,,Truckee-Tahoe Ap,CA,US,39.32,-120.14,1798,6,ktrk
KLNS,LNS,,Lancaster,PA,US,40.12,-76.3,125,7,klns
CWSA,WSA,71600,Sable Island,NS,CA,43.94,-60.02,4,5,cwsa
KLAN,LAN,72539,Lansing/Capital,MI,US,42.78,-84.6,264,4,klan
KANB,ANB,,Anniston Metro,AL,US,33.59,-85.85,183,6,kanb
,,,pse,,,17.83,-66.57,0,7,pse
KTUS,TUS,,Tucson Intl Airport,AZ,US,32.12,-110.93,776,2,ktus
KGDP,GDP,72262,Guadalupe Mtns Np,TX,US,31.83,-104.8,1692,7,gdp
PATK,TKA,70251,Talkeetna,AK,US,62.3,-150.1,109,6,patk
KMAF,MAF,72265,Midland Rgnl,TX,US,31.933,-102.2,874,5,kmaf
MMMM,MLM,76665,Morelia,,MX,19.85,-101.03,1833,6,mmmm
,,,glry,,,37.1,-121.2,309,7,glry
KFVX,FVX,,Farmville,VA,US,37.35,-78.43,125,7,kfvx
PAHN,HNS,,Haines,AK,US,59.25,-135.52,5,6,pahn
,,,opa3,,,39.31,-65.75,0,7,opa3
KRFD,RFD,72543,Rockford,IL,US,42.21,-89.1,221,4,krfd
,,,c34,,,35.47,-96.94,305,7,c34
KTPA,TPA,72211,Tampa Intl Airport,FL,US,27.97,-82.53,11,3,ktpa
PACZ,CZF,70212,Cape Romanzoff,AK,US,61.79,-166.04,146,6,pacz
KCKB,CKB,,Clarksburg/Benedum,WV,US,39.29,-80.23,360,4,kckb
,,,opa4,,,37.27,-70.03,0,7,opa4
KPAH,PAH,72435,Paducah/Barkley,KY,US,37.07,-88.77,119,3,kpah
KABI,ABI,72266,Abilene,TX,US,32.43,-99.68,548,4,kabi
KOSH,OSH,,Oshkosh/Wittman,WI,US,44.01,-88.57,248,6,kosh
KDQU,DQU,74752,Dequeen Profiler,AR,US,34.14,-94.25,175,8,p#v
KCOS,COS,72466,Colorado Springs,CO,US,38.83,-104.72,1856,3,kcos
PADT,DDT,,Slana Airport,AK,US,62.72,-143.91,875,7,5sz
,,,b#4,,,28.94,-78.47,0,7,b#4
PAMC,MCG,70231,Mcgrath,AK,US,62.95,-155.61,103,5,pamc
CYYC,YYC,71877,Calgary Intl,AB,CA,51.12,-114.02,1084,0,cyyc
,,,opp5,,,41.8,-129.92,0,7,opp5
CYBK,YBK,71926,Baker Lake,NU,CA,64.3,-96.0,18,5,cybk
KCHO,CHO,,Charlottesville-Albemarle,VA,US,38.14,-78.45,192,6,kcho
KPHD,PHD,,New Philadelphia/Harry Clever,OH,US,40.47,-81.42,272,7,kphd
CYKF,YKF,71368,Waterloo Well,ON,CA,43.47,-80.39,317,6,cykf
KRME,RME,,Rome,NY,US,43.234,-75.407,154,7,rme
,,,a#3,,,75.03,-139.85,0,7,a#3
KATY,ATY,,Watertown Muni,SD,US,44.92,-97.16,532,6,katy
,,,fro,,,43.35,-120.86,1327,7,fro
KMAX,MAX,,Jackson Cty/Mfr,OR,US,42.0833333333,-122.716666667,2290,8,max
CYLW,YLW,71203,Kelowna,BC,CA,49.94,-119.46,817,1,cwlw
KSJN,SJN,,St Johns Industrial Air Park,AZ,US,34.52,-109.38,1745,6,sjn
CYWA,YWA,71625,Petawawa,ON,CA,45.96,-77.31,130,6,cywa
KACQ,ACQ,,Waseca Muni,MN,US,44.14,-93.56,337,8,wsc
CYGQ,YGQ,71834,Geraldton,ON,CA,49.79,-86.93,351,6,cygq
KSCK,SCK,72492,Stockton Metro,CA,US,37.91,-121.25,10,6,ksck
KMDT,MDT,,Middletwn/Olmstd,PA,US,40.21,-76.77,95,6,kmdt
KSUN,SUN,,Hailey,ID,US,43.504,-114.296,1620,6,ksun
,,,a#7,,,52.94,-139.03,0,7,a#7
KMOT,MOT,,Minot Intl,ND,US,48.28,-101.28,519,6,kmot
,,,opp1,,,48.09,-130.43,0,7,opp1
KCOT,COT,,Cotulla,TX,US,28.45,-99.22,140,7,cot
,,,pla,,,47.78,-120.75,1143,7,pla
MMCN,CEN,,Ciudad Obregon Intl Ap,MX,MX,27.39,-109.83,43,6,mmcn
KPRX,PRX,,Paris/Cox,TX,US,33.64,-95.45,167,7,prx
,,,c07,,,38.55,-101.57,1062,7,c07
KCHA,CHA,72324,Chattanooga/Love,TN,US,35.04,-85.2,210,4,kcha
KDLS,DLS,,The Dalles,OR,US,45.62,-121.15,71,3,kdls
KTNB,TNB,,Boone,NC,US,36.199,-81.651,911,7,tnb
,,,b#g,,,40.87,-137.48,0,7,b#g
KMYL,MYL,,Mccall,ID,US,44.89,-116.1,1533,6,myl
KJWG,JWG,,Watonga,OK,US,35.86,-98.42,472,7,jwg
KPDK,PDK,,Atlanta/Dekalb-Peachtree,GA,US,33.88,-84.3,302,7,kpdk
KMBL,MBL,,Manistee/Blacker,MI,US,44.28,-86.25,189,7,kmbl
KFDY,FDY,,Findlay,OH,US,41.03,-83.67,247,6,kfdy
KFTY,FTY,,Atlanta/Fulton Co-Brown Field,GA,US,33.78,-84.52,263,3,kfty
KTVL,TVL,,South Lake Tahoe,CA,US,38.91,-120.0,1924,6,ktvl
KSFM,SFM,,Sanford,ME,US,43.4,-70.7,74,7,ksfm
KHRO,HRO,,Harrison,AR,US,36.28,-93.15,417,6,khro
,,,opa7,,,34.89,-70.77,0,7,opa7
,,,b#3,,,29.34,-77.37,0,7,b#3
,,,opa5,,,36.36,-74.61,0,7,opa5
,LMN,74647,Lamont Profiler,OK,US,36.72,-97.49,317,8,p#o
,,,c7h,,,38.5,-70.62,0,7,c7h
KCMX,CMX,72744,Houghton/Hancock,MI,US,47.18,-88.5,326,6,kcmx
,,,win,,,48.52,-120.21,1195,7,win
KCGI,CGI,,Cape Girardeau,MO,US,37.23,-89.58,102,6,kcgi
MRLB,,78774,Liberia/Tomas G,,CR,10.6,-85.55,82,6,mrlb
CYXX,YXX,71108,Abbotsford,BC,CA,49.04,-122.37,58,6,cyxx
,,,b#a,,,40.46,-69.42,0,7,b#a
KTBW,TBW,72210,Tampa Bay Area,FL,US,27.7,-82.4,12,8,tbw
KFAT,FAT,72389,Fresno Air Termi,CA,US,36.78,-119.72,104,2,kfat
PHKO,KOA,,Kailua Kona,HI,US,19.65,-156.0,27,6,phko
KPGA,PGA,72371,Page Muni,AZ,US,36.94,-111.45,1307,3,kpga
KMOR,MOR,,Morristown,TN,US,36.1833333333,-83.3666666667,400,8,mor
KBKE,BKE,,Baker,OR,US,44.84,-117.82,1024,6,kbke
KPSP,PSP,,Palm Springs,CA,US,33.84,-116.5,135,3,kpsp
CYFO,YFO,,Flin Flon,MB,CA,54.69,-101.69,304,7,cyfo
,,,g009,,,42.72,-121.37,1588,7,g009
,,,wtro,,,46.66,-47.98,0,7,wtro
KORF,ORF,72308,Norfolk Rgnl,VA,US,36.9,-76.2,14,3,korf
,,,col1,,,45.73,-121.23,388,7,col1
PAGY,SGY,70362,Skagway,AK,US,59.48,-135.32,5,6,pagy
,,,mac,,,61.35,-142.52,1109,7,mac
KBKW,BKW,72412,Beckley Memorial,WV,US,37.79,-81.12,764,6,kbkw
KTUL,TUL,72356,Tulsa Intl,OK,US,36.21,-95.9,207,3,ktul
KBIS,BIS,72764,Bismarck Muni,ND,US,46.78,-100.75,505,0,kbis
KPIH,PIH,72578,Pocatello Muni,ID,US,42.93,-112.6,1359,3,pih
KROC,ROC,72529,Rochester/Monroe,NY,US,43.12,-77.67,178,6,kroc
KMLI,MLI,72544,Moline/Quad City,IL,US,41.46,-90.52,184,6,kmli
KPSC,PSC,,Pasco/Tri-Cities,WA,US,46.27,-119.12,121,6,kpsc
KFLL,FLL,,Fort Lauderdale/Hollywood Intl,FL,US,26.07,-80.15,3,6,kfll
,,,c03,,,37.76,-97.01,405,7,c03
,,,lw1,,,34.93,-98.06,381,7,lw1
,BLR,74357,Blue River Profi,WI,US,43.24,-90.47,265,8,p#4
KEWN,EWN,,New Bern,NC,US,35.09,-77.05,3,6,kewn
KFCS,FCS,72468,Fort Carson/Butt,CO,US,38.69,-104.77,1789,6,fcs
KINW,INW,72374,Winslow (Autob),AZ,US,35.03,-110.73,1490,4,kinw
,,,opp8,,,36.36,-125.34,0,7,opp8
TDCF,,78906,Canefield Airpor,,DM,15.3333333333,-61.4,5,7,tdcf
KAVP,AVP,72513,Wilkes-Barre/Scranton,PA,US,41.33,-75.73,291,6,kavp
,,,s#4,,,29.52,-122.94,0,7,s#4
KNHK,NHK,72404,Patuxent River N,MD,US,38.29,-76.4,12,6,nhk
KFRI,FRI,72455,Junction City,KS,US,39.055,-96.765,325,6,fri
KDUJ,DUJ,,Dubois,PA,US,41.19,-78.9,554,6,kduj
PAKN,AKN,70326,King Salmon,AK,US,58.68,-156.65,17,5,pakn
KDBQ,DBQ,72547,Dubuque Muni,IA,US,42.41,-90.7,326,4,kdbq
KFRM,FRM,,Fairmont,MN,US,43.66,-94.42,354,6,kfrm
KGSP,GSP,72312,Greenville/Spartanburg,SC,US,34.91,-82.22,287,3,kgsp
KHGR,HGR,,Hagerstown/Washington Co Regnl,MD,US,39.71,-77.73,224,7,hgr
KSAC,SAC,,Sacramento/Executive,CA,US,38.52,-121.5,11,2,ksac
MYBS,,78070,Alice Town,Bimini,BS,25.73,-79.3,3,7,mybs
KGYX,GYX,74389,Gray,ME,US,43.9,-70.25,125,8,gyx
KPWM,PWM,72606,Portland Intl Je,ME,US,43.66,-70.32,15,3,kpwm
CWZC,,,Moosonee,ON,CA,51.2833333333,-80.6,11,8,cwzc
KMKL,MKL,,Mckellar/Jackson,TN,US,35.61,-88.92,128,6,kmkl
,,,mrys,,,47.21,-55.1,56,7,mrys
KTMB,TMB,,Miami/Kendall-Tamiami Executive,FL,US,25.65,-80.43,2,7,ktmb
KCHH,CHH,74494,Chatham,MA,US,41.68,-69.97,16,8,kchh
PAKW,AKW,,Klawock,AK,US,55.562,-133.085,15,7,pakw
KWRL,WRL,,Worland Muni,WY,US,43.98,-107.97,1271,6,kwrl
KPAE,PAE,,Everett/Snohomish Co (Paine Fld),WA,US,47.91,-122.28,180,6,kpae
KMCN,MCN,72217,Macon/Lewis Wils,GA,US,32.71,-83.65,109,3,kmcn
,,,c30,,,37.54,-95.97,292,7,c30
,,,c23,,,46.18,-97.41,341,7,c23
KELP,ELP,72270,El Paso Intl,TX,US,31.8,-106.4,1197,2,kelp
KAHN,AHN,72311,Athens Muni,GA,US,33.96,-83.32,244,4,kahn
KSBP,SBP,,San Luis Obispo/Mcchesney Field,CA,US,35.24,-120.64,59,6,ksbp
KTLH,TLH,72214,Tallahassee Rgnl,FL,US,30.4,-84.35,19,3,ktlh
,,,stdm,,,47.14,-87.28,183,7,stdm
,,,v#l,,,42.82,-100.35,799,7,v#l
KDLH,DLH,72745,Duluth Intl,MN,US,46.84,-92.18,435,2,kdlh
KHVR,HVR,72777,Havre,MT,US,48.55,-109.77,787,3,khvr
KDAY,DAY,72429,Dayton/James M C,OH,US,39.91,-84.2,305,4,kday
KBTM,BTM,,Butte/Silver Bow,MT,US,45.96,-112.5,1688,6,kbtm
KCIU,CIU,,Chippewa,MI,US,46.26,-84.47,244,7,kciu
,,,ccl,,,37.15,-120.28,64,7,ccl
CYMT,YMT,71822,Chibougamau-Chapais,QB,CA,49.78,-74.53,387,6,cymt
MPCH,,,Captain Manuel N,,PA,9.45,-82.5166666667,6,7,mpch
KMSV,MSV,,Monticello/Sllvn,NY,US,41.71,-74.8,428,7,kmsv
,,,yaj,,,69.56,-140.08,87,7,yaj
,,,dsc,,,35.36,-116.82,1040,7,dsc
KCNU,CNU,,Chanute/Martin Johnson,KS,US,37.68,-95.48,297,6,kcnu
,,,nw9,,,50.5,-141.36,0,7,nw9
KICT,ICT,72450,Wichita/Dwight D. Eisenhower,KS,US,37.66,-97.43,407,3,kict
CYXE,YXE,71866,Saskatoon,SK,CA,52.18,-106.7,504,5,cyxe
PATO,POR,,Portage Glacier Visitor Cntr,AK,US,60.79,-148.83,31,7,por
KMIE,MIE,,Muncie/Delaware Co-Johnson Field,IN,US,40.242,-85.396,285,7,mie
,,,wtd,,,65.08,-102.33,210,7,wtd
KSBN,SBN,72535,South Bend/St. J,IN,US,41.71,-86.32,237,4,ksbn
,,,chrl,,,53.68,-106.11,555,7,chrl
KPIH,PIH,72578,Pocatello Muni,ID,US,42.93,-112.6,1359,3,kpih
,,,klcb,,,29.24,-114.23,711,7,klcb
KHPN,HPN,,White Plains,NY,US,41.08,-73.72,121,6,khpn
,,,opa6,,,35.54,-73.75,0,7,opa6
PANI,ANI,70232,Aniak,AK,US,61.58,-159.53,26,7,pani
MMHO,HMO,76160,Hermosillo Intl,,MX,29.07,-110.97,184,6,mmho
MUVR,,78229,Varadero,,CU,23.13,-81.28,65,6,muvr
,,,kdaf,,,44.06,-90.04,279,7,kdaf
,,,nw8,,,44.57,-127.4,0,7,nw8
KPIA,PIA,72532,Peoria Rgnl,IL,US,40.66,-89.68,205,4,kpia
KBVR,BVR,,Beaver Rim,WY,US,42.58,-108.28,2072,9,bvr
,WNF,74753,Winnfield Profil,LA,US,31.92,-92.74,51,8,p#w
KSBM,SBM,99433,Sheboygan,WI,US,43.78,-87.85,232,7,ksbm
,,,g#f,,,23.0,-85.02,0,7,g#f
KDMN,DMN,,Deming,NM,US,32.26,-107.7,1311,6,kdmn
KMKX,MKX,72640,Milwaukee/Dousmn,WI,US,42.9666666667,-88.55,292,8,kmkx
,,99405,Lake Worth,FL,US,26.7,-80.96,5,8,2is
CWMW,WMW,71722,Maniwaki,QB,CA,46.39,-75.96,170,8,cwmw
KSAT,SAT,72253,San Antonio Intl,TX,US,29.54,-98.47,243,0,sat
,RWD,74433,Mccook Profiler,NE,US,40.12,-100.63,801,8,p#6
KCLL,CLL,,College Station,TX,US,30.58,-96.37,96,4,kcll
KWRB,WRB,,Robins AFB,GA,US,32.64,-83.6,90,6,wrb
,,,b43,,,30.44,-104.32,1501,7,b43
,,,opp2,,,48.11,-126.68,0,7,opp2
KTCC,TCC,,Tucumcari,NM,US,35.19,-103.6,1235,6,ktcc
KDEN,DEN,72565,Denver Intl,CO,US,39.8466,-104.656,1640,0,den
TNCB,,78990,Bonaire/Flamingo,,AN,12.1333333333,-68.2833333333,6,6,tncb
KMHE,MHE,,Mitchell Muni,SD,US,43.77,-98.04,397,7,kmhe
KBDE,BDE,,Baudette,MN,US,48.73,-94.6,329,7,kbde
,,,b45,,,26.52,-98.79,104,7,b45
KLEB,LEB,72611,Lebanon Muni,NH,US,43.63,-72.3,171,6,kleb
KFOD,FOD,72549,Fort Dodge,IA,US,42.55,-94.18,355,6,kfod
KBRA,BRA,,Brandt,SD,US,44.6833333333,-96.85,564,9,bra
,,,tok,,,63.0,-143.33,1035,7,tok
KLSF,LSF,72225,Fort Benning,GA,US,32.34,-85.0,71,6,lsf
KELY,ELY,72486,Ely/Yelland Field,NV,US,39.29,-114.85,1906,3,kely
MMCS,CJS,,Cuidad Juarez Intl,,MX,31.63,-106.43,1171,6,mmcs
,,,s#9,,,28.53,-92.32,0,7,s#9
PAUM,UMT,70162,Umiat,AK,US,69.37,-152.13,104,7,paum
,,,c04,,,34.59,-94.3,380,7,c04
MHNJ,,78701,Isla De Guanaja,,HN,16.45,-85.9,15,7,mhnj
TJBQ,,78514,Aguadilla/Borinquen,PR,US,18.5,-67.13,72,6,tjbq
,,,s#1,,,50.02,-135.1,0,7,s#1
KMCE,MCE,,Merced Muni/Macready Field,CA,US,37.29,-120.52,47,6,kmce
KASD,ASD,,Slidell,LA,US,30.35,-89.78,7,2,6ro
,,,a#9,,,52.02,-162.08,0,7,a#9
KLVM,LVM,,Livingston/Missn,MT,US,45.71,-110.43,1418,6,lvm
KMWH,MWH,,Moses Lake,WA,US,47.21,-119.32,362,6,kmwh
KHTS,HTS,72425,Huntington/Tri S,WV,US,38.38,-82.55,254,3,khts
,,,b42,,,32.05,-107.86,1326,7,b42
MYGF,,78062,Freeport Intl,,BS,26.55,-78.7,2,3,mygf
KSCH,SCH,,Schenectady,NY,US,42.86,-73.93,115,7,ksch
KBBG,BBG,,Branson,MO,US,36.52,-93.27,320,7,bns
,,,tbm,,,36.67,-118.46,3166,7,tbm
KTOL,TOL,72536,Toledo Express,OH,US,41.61,-83.8,210,6,ktol
,,,p#d,,,40.17,-104.8,1482,7,p#d
MHLC,,78705,La Ceiba/Goloso,,HN,15.75,-86.85,15,6,mhlc
CYUL,YUL,71627,Montreal/Dorval,QB,CA,45.47,-73.75,36,0,cyul
KOAK,OAK,72493,Oakland/Metro Oakland Intl,CA,US,37.7,-122.22,26,1,koak
KLND,LND,72576,Lander/Hunt Fiel,WY,US,42.83,-108.73,1694,6,klnd
PAWD,SWD,70277,Seward,AK,US,60.12,-149.45,23,7,pawd
KSAT,SAT,72253,San Antonio Intl,TX,US,29.54,-98.47,243,0,ksat
,,,cwfn,,,57.34,-107.05,485,7,cwfn
,,,wsd,,,32.29,-106.21,1242,7,wsd
,,,pmh,,,38.78,-82.77,224,7,pmh
,NDS,74542,Neodesha Profile,KS,US,37.4,-95.69,266,8,p#f
CYZF,YZF,71936,Yellow Knife,NT,CA,62.51,-114.5,206,6,cyzf
KLMT,LMT,,Klamath Falls,OR,US,42.16,-121.73,1246,6,klmt
KBJI,BJI,72755,Bemidji Muni,MN,US,47.51,-94.93,420,6,kbji
CWZV,WZV,71107,Cape Saint James,BC,CA,51.94,-131.02,92,7,cwzv
TIST,,78543,C. Amalie/Cyril E.,,VI,18.33,-64.97,7,6,tist
KPIE,PIE,,St Petersburg/Clearwater Intl,FL,US,27.91,-82.69,4,6,pie
KEWB,EWB,,New Bedford,MA,US,41.69,-70.97,23,7,kewb
,,,rou,,,41.48,-121.5,1537,7,rou
KDCA,DCA,72405,Washington/Natio,VA,US,38.86,-77.03,18,1,kdca
KSOW,SOW,,Show Low,AZ,US,34.265,-110.006,1954,6,sow
,VCI,74640,Vici Profiler,OK,US,36.12,-99.23,614,8,p#n
KCTB,CTB,,Cut Bank,MT,US,48.61,-112.37,1175,4,kctb
KMSO,MSO,72773,Missoula/Johnson,MT,US,46.93,-114.08,975,3,kmso
PHLI,LIH,91165,Lihue,HI,US,21.98,-159.35,45,5,phli
MTPP,,78439,Port-Au-Prince,HA,HT,18.55,-72.35,37,6,mtpp
,,,s#6,,,25.01,-114.99,0,7,s#6
KDRA,DRA,72387,Mercury/Desert R,NV,US,36.62,-116.02,1006,5,kdra
KUNI,UNI,,Athens/Albany,OH,US,39.212,-82.229,193,8,kuni
K4BQ,4BQ,72667,Broadus,MT,US,45.44,-105.4,922,9,4bq
MUNG,,78221,Nueva Gerona,Isla De Pinos,CU,21.83,-82.783,23,7,mung
PAPG,PSG,70386,Petersburg,AK,US,56.82,-132.945,15,6,papg
TKPN,,78859,Charlestown/Newc,,AG,17.1833333333,-62.5666666667,17,7,tkpn
,MDN,74468,Jefferson Prvg,IN,US,38.88,-85.39,242,8,kmdn
,AZC,74630,Aztec Profiler,NM,US,36.81,-107.88,1831,8,p#m
KIDI,IDI,,Indiana/Stewart,PA,US,40.63,-79.1,429,7,kidi
MMZC,ZCL,,Zacatecas,,MX,22.9,-102.68,2177,4,mmzc
KCRQ,CRQ,,Carlsbad,CA,US,33.14,-117.28,99,6,kcrq
KSRR,SRR,,Ruidoso,NM,US,33.463,-105.535,2076,7,srr
MUBA,,78268,Baracoa Oriente,,CU,20.35,-74.5,9,7,muba
KVRB,VRB,,Vero Beach,FL,US,27.65,-80.42,10,4,kvrb
,,,czc,,,38.6,-123.24,192,7,czc
KBWI,BWI,72406,Baltimore/Wash I,MD,US,39.19,-76.67,59,3,kbwi
KEVV,EVV,72432,Evansville/Dress,IN,US,38.05,-87.53,117,4,kevv
CYXH,YXH,71872,Medicine Hat,AB,CA,50.03,-110.72,716,6,cyxh
KFVE,FVE,,Frenchville,ME,US,47.29,-68.32,301,7,kfve
K4HV,4HV,72473,Hanksville,UT,US,38.38,-110.72,1314,7,4hv
,,,g#3,,,27.67,-102.49,1418,7,g#3
CYXY,YXY,71964,Whitehorse,YK,CA,60.73,-135.07,703,5,cyxy
,,,bls,,,61.95,-151.03,105,7,bls
KLZK,LZK,72340,North Little Rock,AR,US,34.84,-92.25,173,8,klzk
KFLG,FLG,72375,Flagstaff/Pullim,AZ,US,35.14,-111.67,2134,2,flg
,,,lby,,,48.39,-115.57,1106,7,lby
KDTW,DTW,72537,Detroit Metro,MI,US,42.23,-83.33,195,1,kdtw
KPIB,PIB,,Pine Belt Rgnl,MS,US,31.47,-89.33,91,6,kpib
KPDX,PDX,72698,Portland Intl,OR,US,45.61,-122.6,7,2,kpdx
KFAR,FAR,72753,Fargo/Hector Field,ND,US,46.91,-96.8,277,1,kfar
,,,u#9,,,31.92,-81.68,22,7,u#9
,,,crr,,,64.96,-119.97,358,7,crr
KEED,EED,72380,Needles,CA,US,34.78,-114.62,302,6,keed
CYCB,YCB,71925,Cambridge Bay,NU,CA,69.1,-105.1,27,5,cycb
KBED,BED,74490,Bedford/Laurence G Hanscom,MA,US,42.47,-71.29,50,2,kbed
KPMD,PMD,72382,Palmdale Productn Flgt Plant 42,CA,US,34.63,-118.08,780,6,kpmd
KSLC,SLC,72572,Salt Lake City I,UT,US,40.79,-111.97,1286,0,kslc
,,,bdp,,,69.46,-156.51,163,7,bdp
MHLE,,78719,La Esperanza,,HN,14.3166666667,-88.15,1100,6,mhle
PHMK,MKK,91186,Kaunakakai Molokai,HI,US,21.15,-157.1,141,6,phmk
KEKN,EKN,72417,Elkins/Randolph,WV,US,38.89,-79.85,603,4,kekn
TJSJ,SJU,78526,San Juan Intl,PR,US,18.43,-66.0,21,5,tjsj
KIAG,IAG,,Niagara Falls,NY,US,43.11,-78.95,182,4,kiag
CYOC,YOC,,Old Crow Airport,YK,CA,67.57,-139.84,251,6,cyoc
,,,nw2,,,47.68,-144.04,0,7,nw2
KGUY,GUY,,Guymon Muni,OK,US,36.69,-101.51,948,7,kguy
,,,bds,,,33.64,-102.95,1184,7,bds
KAJO,AJO,,Corona,CA,US,33.898,-117.602,163,8,ajo
,,,g#g,,,23.49,-97.97,93,7,g#g
KTXK,TXK,,Texarkana Muni,AR,US,33.46,-94.0,111,6,ktxk
KSTJ,STJ,72449,St. Joseph Rosecrans,MO,US,39.77,-94.91,247,4,kstj
CYQG,YQG,71538,Windsor,ON,CA,42.28,-82.97,190,6,cyqg
,,,c09,,,35.96,-105.33,2522,7,c09
,,,b#e,,,51.93,-155.82,0,7,b#e
KPBG,PBG,,Plattsburgh Intl Ap,NY,US,44.651,-73.468,72,8,kpbg
KTWF,TWF,,Twin Falls,ID,US,42.48,-114.48,1266,6,ktwf
K36U,36U,,Heber,UT,US,40.48,-111.43,1718,8,k36u
CYBU,YBU,71130,Nipawin,SK,CA,53.34,-104.0,374,7,cybu
KOMA,OMA,72550,Omaha/Eppley Field,NE,US,41.3,-95.9,312,2,koma
,,,rvd,,,47.28,-121.92,389,7,rvd
KPHL,PHL,72408,Philadelphia Intl,PA,US,39.89,-75.25,18,3,kphl
KCID,CID,72545,Cedar Rapids Muni,IA,US,41.89,-91.7,264,4,kcid
MKJS,,78388,Sangster/Montego Bay,,JM,18.5,-77.92,1,6,mkjs
KYUM,YUM,72280,Yuma Intl Airport,AZ,US,32.66,-114.6,63,3,kyum
KLMN,,74646,Lamont Arm,OK,US,36.62,-97.51,314,8,g011
,,,atl3,,,32.84,-77.24,0,7,atl3
,,,p#p,,,35.67,-95.86,212,7,p#p
KAMA,AMA,72363,Rick Husband Amarillo Intl Ap,TX,US,35.23,-101.7,1093,3,kama
MMOX,OAX,76775,Oaxaca/Xoxocotlan,,MX,16.97,-96.73,1528,6,oax
,,,bfx,,,71.2,-156.56,5,7,bfx
KLCH,LCH,72240,Lake Charles Muni,LA,US,30.12,-93.22,4,3,klch
KLCK,LCK,,Rickenbacker AFB,OH,US,39.83,-82.93,227,7,klck
,,,lm1,,,45.31,-86.51,176,7,lm1
,,,lh1,,,45.29,-82.79,176,7,lh1
KHLG,HLG,,Wheeling/Ohio Co,WV,US,40.17,-80.65,372,6,khlg
KSPF,SPF,,Spearfish,SD,US,44.47,-103.82,1303,7,bh3
KMHV,MHV,,Mojave,CA,US,35.059,-118.151,849,7,kmhv
,,,tnf,,,39.16,-120.83,989,7,tnf
KLSE,LSE,72643,La Crosse Muni,WI,US,43.88,-91.25,199,6,klse
KBQK,BQK,,Brunswick Glynco,GA,US,31.15,-81.47,8,7,kbqk
KGPT,GPT,,Gulfport-Biloxi Regnl,MS,US,30.4,-89.07,14,6,kgpt
TJPS,,,Ponce/Mercedita,PR,US,18.02,-66.57,9,6,tjps
SKRG,,80112,Rionegro/Jose Ma,,CO,6.16666666667,-75.4166666667,2137,6,skrg
KADM,ADM,,Ardmore,OK,US,34.303,-97.02,232,4,adm
KEYW,EYW,72201,Key West Intl,FL,US,24.55,-81.75,5,2,keyw
KCSM,CSM,,Clinton/Clinton-Sherman,OK,US,35.36,-99.2,588,7,kcsm
KBDR,BDR,72504,Bridgeport/Sikor,CT,US,41.18,-73.13,7,3,kbdr
TJMZ,,,Mayaguez/Eugenio,PR,US,18.21,-67.17,0,6,maz
,,,jack,,,45.6,-70.28,487,7,jack
KBUR,BUR,72288,Burbank-Glendale-Pasadena,CA,US,34.2,-118.36,217,6,kbur
KMLB,MLB,72204,Melbourne,FL,US,28.11,-80.63,11,4,kmlb
KRWL,RWL,,Rawlins,WY,US,41.8,-107.2,2077,6,krwl
,,,trav,,,38.1,-121.81,24,7,trav
KCSG,CSG,,Columbus,GA,US,32.53,-84.93,135,6,kcsg
KISO,ISO,,Kinston,NC,US,35.331,-77.609,29,7,kiso
KSBA,SBA,,Santa Barbara,CA,US,34.44,-119.83,3,6,ksba
,,,kbnv,,,40.2,-113.31,1292,7,kbnv
KCGX,CGX,,Chicago/Meigs,IL,US,41.88,-87.62,181,7,kcgx
KLBT,LBT,,Lumberton Muni,NC,US,34.61,-79.06,37,7,lbt
,,,bh2,,,44.81,-104.68,1214,7,bh2
KGXA,GXA,,Palmdale,CA,US,34.5666666667,-117.666666667,923,8,kgxa
PABE,BET,70219,Bethel,AK,US,60.78,-161.8,41,5,pabe
KBVI,BVI,,Beaver County,PA,US,40.76,-80.33,382,6,kbvi
KGTF,GTF,72775,Great Falls,MT,US,47.48,-111.35,1119,0,kgtf
KELM,ELM,,Elmira/Corning Regnl,NY,US,42.18,-76.9,302,6,kelm
KEUG,EUG,72693,Eugene/Mahlon Sw,OR,US,44.12,-123.22,114,1,keug
KMLC,MLC,,Mcalester,OK,US,34.89,-95.78,232,6,kmlc
KDAB,DAB,,Daytona Beach,FL,US,29.18,-81.05,9,3,kdab
,,,b48,,,25.19,-80.67,1,7,b48
CWTA,WTA,71612,Mctavish,QB,CA,45.46,-73.61,29,7,mcgl
,,,s#c,,,28.01,-85.01,0,7,s#c
KGUP,GUP,,Gallup/Clarke,NM,US,35.53,-108.78,1971,6,kgup
,WLC,74466,Wolcott Profiler,IN,US,40.81,-87.0,212,8,p#b
KJBR,JBR,,Jonesboro Muni,AR,US,35.83,-90.65,79,6,kjbr
KPLN,PLN,,Pellston/Emmet,MI,US,45.58,-84.8,217,6,pln
KORD,ORD,72530,Chicago/O'Hare,IL,US,41.98,-87.9,200,0,kord
UTSB,BHK,38683,Bukhara,UZ,UZ,39.72,64.62,226,6,bhk
KAIA,AIA,,Alliance Muni,NE,US,42.05,-102.8,1196,7,kaia
KMKG,MKG,72636,Muskegon County,MI,US,43.18,-86.27,191,4,kmkg
KNID,NID,74612,China Lake Naws,CA,US,35.686,-117.692,696,4,nid
KGLH,GLH,,Greenville,MS,US,33.48,-90.98,45,6,kglh
,,,col4,,,45.78,-120.14,319,7,col4
MMMD,MID,76644,Merida Intl,,MX,20.98,-89.65,10,5,mmmd
PASI,SIT,70371,Sitka/Japonski,AK,US,57.07,-135.35,5,6,pasi
KMSP,MSP,72658,Minneapolis-St Paul Intl,MN,US,44.89,-93.22,265,0,kmsp
KCEF,CEF,74491,Chicopee/Westove,MA,US,42.21,-72.53,75,7,kcef
CYMX,YMX,71626,Montreal/Mirabel,QB,CA,45.69,-74.04,82,1,cymx
,,,emf,,,34.41,-117.37,1129,7,emf
KMTH,MTH,,Marathon Airport,FL,US,24.74,-81.05,2,7,kmth
SKCG,,80022,Cartagena/Rafael,,CO,10.4333333333,-75.5166666667,1,6,skcg
KDFW,DFW,72259,Dallas/Ft Worth,TX,US,32.91,-97.03,174,0,kdfw
MMMT,MTT,,Minatitlan,,MX,18.1,-94.58,40,6,mmmt
KSNY,SNY,72561,Sidney Muni,NE,US,41.11,-102.98,1307,6,sny
KARA,ARA,,New Iberia/Acadiana Regnl,LA,US,30.03,-91.88,18,7,kara
KFTW,FTW,,Ft Worth/Meacham,TX,US,32.83,-97.35,214,2,kftw
CYTS,YTS,71739,Timmins,ON,CA,48.58,-81.38,295,6,cyts
TRPM,,,Blackburne/Plymo,,AG,16.75,-62.1666666667,12,7,trpm
PAHO,HOM,70341,Homer Muni,AK,US,59.64,-151.5,28,6,paho
,,,g#6,,,26.31,-98.82,65,7,g#6
MGHT,,78627,Huehuetenango,,GT,15.3166666667,-91.5,1901,6,mght
KSDM,SDM,,Sann Diego/Brown Field,CA,US,32.58,-116.98,159,7,ksdm
,,,nwa,,,40.5,-126.92,0,7,nwa
MUVT,,78357,Las Tumas,,CU,20.95,-76.95,106,7,muvt
KBLU,BLU,,Blue Canyon,CA,US,39.29,-120.7,1609,7,blu
KMCI,MCI,72446,Kansas City Intl,MO,US,39.33,-94.72,320,0,kmci
MMCV,CVM,76491,Cuidad Victoria,,MX,23.72,-98.97,238,6,cvm
KPFN,PFN,,Panama City,FL,US,30.2,-85.6833333333,12,8,kpfn
CYDA,YDA,71966,Dawson,YK,CA,64.05,-139.13,369,6,cyda
KIMT,IMT,,Iron Mountain-Kingsford/Ford,MI,US,45.81,-88.11,349,7,imt
,,,nxd,,,37.6,-120.24,392,7,nxd
KWWR,WWR,,West Woodward,OK,US,36.44,-99.52,667,7,kwwr
KHIE,HIE,,Whitefield,NH,US,44.36,-71.53,318,7,khie
PABA,BTI,70086,Barter Island,AK,US,70.14,-143.59,2,7,paba
KBIV,BIV,,Holland/Tulip City,MI,US,42.75,-86.1,208,7,biv
MGPB,,78637,Puerto Barrios(,,GT,15.7166666667,-88.5833333333,10,6,mgpb
MMRX,REX,,Reynosa Intl,,MX,26.02,-98.23,39,6,mmrx
,,,joes,,,45.37,-117.31,1726,7,joes
KDPA,DPA,,Chicago/Dupage,IL,US,41.93,-88.25,231,6,kdpa
KSLN,SLN,,Salina,KS,US,38.8,-97.65,385,6,ksln
PASV,SVW,70235,Sparrevohn,AK,US,61.11,-155.59,484,7,pasv
KCNM,CNM,,Carlsbad,NM,US,32.34,-104.27,985,6,kcnm
,,,b#q,,,40.28,-73.25,0,7,b#q
KC35,C35,,Reedsburg,WI,US,43.5333333333,-89.9833333333,276,8,c35
CYPA,YPA,71869,Prince Albert,SK,CA,53.23,-105.67,428,6,cypa
,,,nru,,,66.88,-154.29,340,7,nru
KPQI,PQI,72713,Presque Isle,ME,US,46.69,-68.05,146,6,kpqi
UHMD,,25594,Buhta Providenja,HA,RU,64.43,-173.23,3,7,uhmd
KMSY,MSY,72231,New Orleans Intl,LA,US,29.98,-90.25,5,0,kmsy
UHMI,,,Mys Schmidta,,RU,68.9,-179.45,1,8,uhmi
KMRF,MRF,72264,Marfa Muni,TX,US,30.38,-104.02,1481,6,mrf
MSLP,,78666,El Salvador Int,,SV,13.4333333333,-89.05,25,5,mslp
K5R0,5R0,,East Addition B3,TX,US,28.23,-93.72,0,8,s#8
KBNA,BNA,72327,NAShville Metro,TN,US,36.12,-86.68,210,2,kbna
,,,b#h,,,39.24,-123.95,0,7,b#h
KGSB,GSB,,Seymour-Johnson,NC,US,35.34,-77.97,33,6,kgsb
,,,knl,,,60.4,-149.37,688,7,knl
KRAD,RAD,,Warroad,MN,US,48.94,-95.34,327,7,krad
,,,a#b,,,49.27,-168.79,0,7,a#b
CYEG,YEG,71123,Edmonton Intl,AB,CA,53.33,-113.58,723,6,cyeg
KCKL,CKL,,Centreville/Bibb,AL,US,32.91,-87.25,140,8,kckl
KEPZ,EPZ,72364,Santa Teresa,NM,US,31.87,-106.7,1251,8,kepz
,,,p#8,,,40.09,-97.42,462,7,p#8
KHBG,HBG,,Hattiesburg/Bobby L Chain Muni,MS,US,31.265,-89.253,44,7,khbg
,,,g005,,,46.94,-121.24,1383,7,g005
,,,srv,,,61.61,-156.37,99,7,srv
KGDV,GDV,,Glendive,MT,US,47.14,-104.8,749,6,gdv
KFPR,FPR,,Fort Pierce/St Lucie Co Intl,FL,US,27.5,-80.37,13,7,kfpr
KEVW,EVW,,Evanston-Uninta Co Burns Field,WY,US,41.27,-111.03,2177,7,evw
,,,c06,,,37.87,-95.13,314,7,c06
CYVR,YVR,71892,Vancouver Intl,BC,CA,49.19,-123.18,2,6,cyvr
MDPP,,78457,Puerto Plata Intl,,DO,19.75,-70.55,5,6,mdpp
KTCL,TCL,,Tuscaloosa Muni,AL,US,33.22,-87.61,49,6,ktcl
KMRY,MRY,,Monterey Peninsula,CA,US,36.59,-121.84,66,2,kmry
CYWO,YWO,71496,Lupin,NU,CA,65.77,-111.25,494,6,cywo
KHOT,HOT,,Hot Springs,AR,US,34.48,-93.1,162,6,khot
KMSL,MSL,,Muscle Shoals,AL,US,34.75,-87.61,164,6,kmsl
KCSQ,CSQ,,Creston,IA,US,41.02,-94.37,394,8,csq
PAYA,YAK,70361,Yakutat,AK,US,59.52,-139.67,11,5,paya
KILM,ILM,,Wilmington,NC,US,34.28,-77.92,9,0,kilm
,,,opa8,,,33.82,-76.07,0,7,opa8
KCSV,CSV,,Crossville,TN,US,35.96,-85.08,570,6,kcsv
,,,mpi,,,37.52,-120.06,560,7,mpi
KDAG,DAG,,Daggett,CA,US,34.88,-116.78,587,6,kdag
,,,bh4,,,43.3,-104.72,1314,7,bh4
KCLM,CLM,,Port Angeles/Wm R Fairchild Intl,WA,US,48.12,-123.5,85,6,kclm
CWOS,WOS,71399,Shelborne,NS,CA,43.73,-65.25,30,8,cwos
KPLN,PLN,,Pellston/Emmet,MI,US,45.58,-84.8,217,6,kpln
KPNS,PNS,72222,Pensacola,FL,US,30.47,-87.2,38,6,kpns
CYWG,YWG,71852,Winnipeg,MB,CA,49.93,-97.23,239,0,cywg
,,,wck,,,40.96,-123.7,695,7,wck
KHVN,HVN,,New Haven/Tweed,CT,US,41.28,-72.88,4,7,khvn
KSUT,SUT,,Southport/Brunswick Co,NC,US,33.96,-78.07,6,7,fps7
,,,le1,,,41.64,-82.33,174,7,le1
KLWS,LWS,72783,Lewiston,ID,US,46.39,-117.02,438,6,klws
KLEX,LEX,72422,Lexington/Bluegr,KY,US,38.05,-84.6,300,4,klex
KEAT,EAT,,Wenatchee/Pngbrn,WA,US,47.41,-120.2,377,6,keat
KVNY,VNY,,Van Nuys,CA,US,34.21,-118.49,245,6,kvny
KPDT,PDT,72688,Pendleton Muni,OR,US,45.69,-118.85,462,2,kpdt
KISP,ISP,,Islip/Mac Arthur,NY,US,40.8,-73.1,43,4,kisp
KOFK,OFK,72556,Norfolk/Stefan F,NE,US,41.98,-97.43,470,6,kofk
KCYS,CYS,72564,Cheyenne/Warren,WY,US,41.16,-104.82,1868,3,kcys
MMTM,TAM,76548,Tampico/Gen F J Mina,,MX,22.28,-97.87,24,6,mmtm
CYZV,YZV,71811,Sept Iles,QB,CA,50.23,-66.27,55,5,cyzv
PANC,ANC,70273,Anchorage Intl,AK,US,61.17,-150.0,38,5,panc
KVAD,VAD,74781,Vldosta/Mody AFB,GA,US,30.97,-83.2,71,6,vad
MRPV,,,Tobias Bolano,,CR,9.95,-84.15,994,6,mrpv
CYEV,YEV,71957,Inuvik,NT,CA,68.3,-133.5,68,5,cyev
KBVY,BVY,,Beverly Muni,MA,US,42.58,-70.92,28,7,kbvy
KZZV,ZZV,,Zanesville,OH,US,39.96,-81.9,268,6,kzzv
KY22,Y22,72669,Lemmon,SD,US,45.9166666667,-102.166666667,781,7,ky22
,,,c31,,,39.74,-123.13,924,7,c31
PAOT,OTZ,70133,Kotzebue/Ralph Wien,AK,US,66.87,-162.64,3,5,paot
KTPH,TPH,72485,Tonopah,NV,US,38.08,-117.08,1652,0,ktph
KFSM,FSM,72344,Fort Smith Muni,AR,US,35.34,-94.37,140,3,kfsm
,,,tbl,,,40.17,-105.28,1921,7,tbl
KELD,ELD,,El Dorado/Gdwin,AR,US,33.23,-92.8,81,6,keld
CYLJ,YLJ,71125,Meadow Lake,SK,CA,54.14,-108.52,480,7,cylj
,,,opp4,,,45.28,-125.66,0,7,opp4
,,,s#a,,,27.94,-91.0,0,7,s#a
MMML,MXL,,Mexicali Intl,,MX,32.66,-115.49,22,6,mmml
KTUP,TUP,72332,Tupelo/C.D. Lemo,MS,US,34.28,-88.77,105,4,ktup
KOGD,OGD,72575,Ogden/Hinckley,UT,US,41.2,-112.01,1353,1,kogd
CWLT,WLT,71082,Alert,NU,CA,82.5,-62.34,63,5,cwlt
CYUX,,71081,Hall Beach,NU,CA,68.79,-81.25,8,5,cyux
,,,lus,,,42.75,-104.4,1563,7,lus
MPDA,,78793,David/Enrique M,,PA,8.4,-82.4333333333,27,7,mpda
,,,g004,,,43.96,-115.08,2369,7,g004
KLAR,LAR,,Laramie/Brees,WY,US,41.33,-105.68,2216,6,klar
KSDY,SDY,,Sidney/Richland,MT,US,47.73,-104.18,605,6,ksdy
KINF,INF,,Inverness,FL,US,28.78,-82.31,20,8,inv
KSLB,SLB,,Storm Lake,IA,US,42.6,-95.23,454,8,slb
KBFD,BFD,,Bradford Rgnl,PA,US,41.8,-78.64,647,6,kbfd
KHBR,HBR,,Hobart,OK,US,35.01,-99.05,473,6,khbr
KLAF,LAF,,Lafayette/Purdue,IN,US,40.43,-86.93,182,4,klaf
KHDN,HDN,72571,Hayden,CO,US,40.51,-107.25,2012,6,khdn
,,,ath,,,42.27,-102.41,1201,7,ath
PABR,BRW,70026,Barrow/Wiley Post-Will Rogers,AK,US,71.29,-156.77,7,5,pabr
SKSP,,80001,San Andres Islan,,CO,12.5666666667,-81.7166666667,-2,6,sksp
KCAK,CAK,72521,Akron-Canton Rgnl,OH,US,40.93,-81.43,377,6,kcak
KOTH,OTH,72691,North Bend,OR,US,43.43,-124.25,4,6,koth
MPSA,,78795,Santiago,,PA,8.06666666667,-80.9333333333,83,7,mpsa
CYYL,YYL,71078,Lynn Lake,MB,CA,56.88,-101.08,357,6,cyyl
KELN,ELN,,Ellensburg/Bowers Field,WA,US,47.03,-120.53,519,7,keln
KALI,ALI,,Alice Intl,TX,US,27.74,-98.04,53,6,kali
KEPH,EPH,,Ephrata,WA,US,47.33,-119.52,383,6,keph
KCDR,CDR,,Chadron,NE,US,42.84,-103.08,1010,6,kcdr
KAKO,AKO,,Akron/Washington,CO,US,40.1743,-103.215,1421,4,ako
KJAC,JAC,,Jackson,WY,US,43.61,-110.73,1961,6,kjac
KFKL,FKL,,Franklin,PA,US,41.39,-79.87,469,6,kfkl
KLDM,LDM,,Ludington/Mason Co,MI,US,43.96,-86.41,197,7,kldm
,NLG,74445,Neligh Profiler,NE,US,42.19,-97.74,528,8,p#9
CYQT,YQT,71749,Thunder Bay,ON,CA,48.38,-89.32,199,0,cyqt
KTTN,TTN,,Trenton/Mercer,NJ,US,40.28,-74.81,59,7,kttn
,,,opp9,,,33.29,-125.02,0,7,opp9
KGGG,GGG,72247,Longview/Gregg Co,TX,US,32.38,-94.71,107,4,kggg
PASD,SDP,,Sand Point,AK,US,55.32,-160.52,7,7,sdp
,,,b40,,,33.05,-114.24,362,7,b40
KRSL,RSL,,Russell Muni,KS,US,38.87,-98.81,567,6,rsl
KBBD,BBD,,Brady,TX,US,31.179,-99.324,557,8,bbd
KGYY,GYY,,Gary,IN,US,41.62,-87.42,180,4,kgyy
KCDC,CDC,,Cedar City Regnl,UT,US,37.7,-113.1,1714,4,kcdc
,,,ipx,,,44.46,-111.32,2116,7,ipx
KBTR,BTR,,Baton Rouge/Ryan,LA,US,30.54,-91.15,21,4,kbtr
,,,lo2,,,43.39,-79.47,75,7,lo2
,,,b#x,,,40.35,-73.75,0,7,b#x
KLOZ,LOZ,72329,London,KY,US,37.09,-84.04,362,6,kloz
KMIB,MIB,,Minot AFB,ND,US,48.43,-101.35,508,6,kmib
KPBI,PBI,72203,West Palm Beach,FL,US,26.68,-80.12,6,3,kpbi
,,,pesc,,,37.12,-122.3,160,7,pesc
KTIW,TIW,,Tacoma Narrows,WA,US,47.27,-122.58,89,7,ktiw
K2G6,2G6,,Meadville,PA,US,41.63,-80.21,386,8,kgkl
KMIA,MIA,,Miami Intl,FL,US,25.82,-80.28,3,0,kmia
KUMN,UMN,72349,Monett,MO,US,36.89,-93.9,437,8,umn
,,,c32,,,37.33,-99.38,641,7,c32
KGUC,GUC,,Gunnison,CO,US,38.55,-106.92,2339,6,kguc
KALO,ALO,72548,Waterloo Muni,IA,US,42.55,-92.4,264,4,kalo
KMGW,MGW,,Morgantown/Walter L. Hart Field,WV,US,39.64,-79.92,378,3,kmgw
KEPM,EPM,72608,Eastport,ME,US,44.96,-67.1,23,6,kepo
MWCR,,78384,Owen Roberts,Grand Cayman,KY,19.28,-81.35,3,5,mwcr
KCBE,CBE,,Greater Cumberland Rgnl Ap,MD,US,39.615,-78.761,236,7,cbe
KAXN,AXN,,Alexandria/Chand,MN,US,45.87,-95.41,433,3,kaxn
KENW,ENW,,Kenosha,WI,US,42.59,-87.94,219,7,kenw
KO22,O22,,Columbia,CA,US,38.02,-120.36,714,7,son
KBNY,BNY,,Burney,CA,US,40.89,-121.67,957,7,bny
KJFK,JFK,74486,New York/Jf Kenn,NY,US,40.66,-73.78,9,1,kjfk
,,,sef,,,37.66,-122.94,0,7,sef
KSFO,SFO,72494,San Francisco Intl,CA,US,37.62,-122.36,3,0,ksfo
KSJC,SJC,74505,San Jose Intl,CA,US,37.37,-121.93,24,6,ksjc
KLIT,LIT,,Little Rock/Adams Field,AR,US,34.73,-92.23,79,0,klit
KABR,ABR,72659,Aberdeen Rgnl,SD,US,45.46,-98.43,397,3,kabr
KDPG,DPG,74003,Dugway Prvg Grou,UT,US,40.21,-112.93,1326,3,dpg
,,,gtp,,,43.87,-110.05,2827,7,gtp
,,,c28,,,34.48,-82.55,230,7,c28
KSEP,SEP,72260,Stephenville/Clark Muni,TX,US,32.215,-98.178,402,7,ksep
KFNB,FNB,,Falls City/Brnnr,NE,US,40.08,-95.58,300,7,fnb
KPRC,PRC,,Prescott/Ernest A Love Fld,AZ,US,34.65,-112.42,1524,3,kprc
KGAG,GAG,,Gage,OK,US,36.3,-99.77,668,6,kgag
MHLM,,78708,La Mesa/Pedro S,,HN,15.45,-87.9333333333,26,6,mhlm
KMNM,MNM,,Menominee,MI,US,45.12,-87.63,191,7,kmnm
KLYH,LYH,72410,Lynchburg/P. Gle,VA,US,37.34,-79.2,295,6,klyh
KCLT,CLT,72314,Charlotte/Douglas Intl,NC,US,35.21,-80.94,220,4,kclt
KTEB,TEB,,Teterboro,NJ,US,40.86,-74.05,7,6,kteb
,,,gmx1,,,29.18,-87.22,0,7,gmx1
KEKO,EKO,,Elko,NV,US,40.84,-115.78,1547,3,keko
MUMO,,,Moa,,CU,20.65,-74.92,5,7,mumo
KHUT,HUT,,Hutchinson,KS,US,38.08,-97.87,467,6,khut
MHSR,,78717,Santa Rosa De C,,HN,14.7833333333,-88.7833333333,1079,6,mhsr
CWHI,WHI,71249,Three Hills,AB,CA,51.71,-113.22,907,7,whi
KSNS,SNS,,Salinas Muni,CA,US,36.66,-121.61,30,6,ksns
KRSW,RSW,,Ft Myers/Sw Florida Intl,FL,US,26.54,-81.76,10,6,krsw
KRNH,RNH,,New Richmond Muni,WI,US,45.148,-92.538,304,7,krnh
CYCG,YCG,71884,Castlegar,BC,CA,49.3,-117.63,495,6,cycg
,,,ls3,,,47.36,-89.87,183,7,ls3
MKJP,,78397,Norman Manley/Kingston,,JM,17.93,-76.78,3,5,mkjp
KWJF,WJF,,Lancaster,CA,US,34.73,-118.22,715,6,kwjf
KOKX,OKX,72501,Brookhaven/Upton,NY,US,40.8666666667,-72.8666666667,26,8,okx
,,,tel,,,63.41,-153.46,179,7,tel
KBZN,BZN,,Bozeman/Gallatin,MT,US,45.79,-111.15,1361,4,kbzn
KVPS,VPS,72221,Eglin AFB/Valpar,FL,US,30.48,-86.53,26,6,vps
KSMN,SMN,72686,Salmon,ID,US,45.12,-113.88,1233,6,smn
K2G4,2G4,,Oakland,MD,US,39.58,-79.339,894,8,k2g4
KJLN,JLN,,Joplin,MO,US,37.152,-94.495,299,6,kjln
,,,nw1,,,44.36,-140.79,0,7,nw1
PABI,BIG,70267,Ft. Greely,AK,US,63.97,-145.7,386,6,pabi
KPOB,POB,72303,Pope AFB,NC,US,35.18,-79.02,66,6,kpob
MNPC,,78730,Puerto Cabezas(,,NI,14.05,-83.3833333333,16,6,mnpc
PAED,EDF,70272,Elmendorf AFB,AK,US,61.26,-149.81,59,6,paed
KGRB,GRB,72645,Green Bay/Straub,WI,US,44.48,-88.13,208,3,kgrb
KMPX,MPX,72649,Chanhassen,MN,US,44.85,-93.5666666667,288,8,mpx
KBRL,BRL,,Burlington,IA,US,40.79,-91.12,211,6,kbrl
PAGK,GKN,70271,Gulkana,AK,US,62.15,-145.45,481,6,pagk
,,,g#b,,,18.17,-94.09,10,7,g#b
,,,c18,,,46.99,-112.52,1775,7,c18
,CNW,74550,Conway Profiler,MO,US,37.53,-92.71,377,8,p#h
KONP,ONP,72695,Newport Muni,OR,US,44.58,-124.05,48,6,onp
KSMF,SMF,,Sacramento Intl,CA,US,38.7,-121.6,6,6,ksmf
KTUL,TUL,72356,Tulsa Intl,OK,US,36.21,-95.9,207,3,tul
,,,g010,,,32.47,-110.8,1315,7,g010
KH02,H02,,High Island 334A,LA,US,28.06,-93.4,30,7,h02
MMGM,GYM,,Guaymas Intl,,MX,27.97,-110.93,20,5,mmgm
,,,g#a,,,23.27,-95.6,0,7,g#a
KMLT,MLT,,Millinocket,ME,US,45.66,-68.68,123,6,kmlt
,,,b#5,,,25.88,-89.74,0,7,b#5
,,,b41,,,31.52,-110.31,1526,7,b41
,,,a#2,,,74.27,-156.72,0,7,a#2
KLIC,LIC,,Limon,CO,US,39.2734,-103.667,1630,4,lic
KTCM,TCM,74206,Mcchord AFB/Tcma,WA,US,47.09,-122.42,83,6,swy
CWKX,WKX,71222,Dease Lake,BC,CA,58.42,-130.0,793,7,cwkx
CWNL,WNL,71462,Great Duck Is,ON,CA,45.64,-82.97,183,7,wnl
MUCL,,,Cayo Largo Del Sur,,CU,21.63,-81.55,5,7,mucl
KBML,BML,72616,Berlin Muni,NH,US,44.59,-71.18,345,7,kbml
KCRE,CRE,,North Myrtle Beach/Grand Strand,SC,US,33.81,-78.72,10,6,kcre
KHMM,HMM,,Hamilton/Ravalli Co,MT,US,46.25,-114.15,1110,9,hmm
SKPE,,80210,Pereira/Matecana,,CO,4.81666666667,-75.7333333333,1346,7,skpe
KDET,DET,,Detroit City,MI,US,42.43,-83.02,190,3,kdet
KGWX,GWX,,Columbus AFB/88D,MS,US,33.92,-88.26,108,8,cbn
MMAS,AGU,76571,Aguascalientes,,MX,21.88,-102.3,1863,6,mmas
KE28,E28,74733,White Sands Space Harbor,NM,US,32.94,-106.41,1192,8,e28
KHNR,HNR,,Harlan Muni,IA,US,41.584,-95.34,375,8,hnr
KBDG,BDG,,Blanding,UT,US,37.5833333333,-109.466666667,1788,7,bdg
PHNY,LNY,,Lanai City Airport,HI,US,20.78,-156.95,399,6,phny
KIXA,IXA,,Roanoke Rapids,NC,US,36.33,-77.635,44,8,kixa
PAJN,JNU,70381,Juneau Intl Airport,AK,US,58.38,-134.58,5,0,pajn
PAVD,VDZ,,Valdez,AK,US,61.13,-146.25,37,6,pavd
KE74,E74,,Safford,AZ,US,32.83,-109.68,900,8,e74
,,,pls,,,67.77,-149.03,1131,7,pls
PASY,SYA,70414,Shemya/Eareckson AFB,AK,US,52.72,174.12,31,5,pasy
,,,opa9,,,32.75,-72.31,0,7,opa9
KRUE,RUE,,Russellville Rgnl,AR,US,35.26,-93.09,115,7,rue
KFXE,FXE,,Fort Lauderdale Executive,FL,US,26.2,-80.17,6,7,kfxe
CWQG,WQG,71151,Valcartier,QB,CA,46.91,-71.5,168,8,cwqg
KSPI,SPI,72439,Springfield/Capi,IL,US,39.86,-89.67,181,6,kspi
,,,a#a,,,49.57,-153.67,0,7,a#a
KOTM,OTM,,Ottumwa Indstrl,IA,US,41.11,-92.45,256,6,kotm
CWLB,WLB,71931,Lac La Biche,AB,CA,54.78,-112.02,567,7,cwlb
,,,u#c,,,66.12,-169.73,48,7,u#c
KVQQ,VQQ,,Jacksonville/Cecil Fld NAS,FL,US,30.219,-81.877,25,7,kvqq
MGFL,,78615,Flores/Santa El,,GT,16.9166666667,-89.8833333333,115,6,mgfl
KMTN,MTN,,Martin/Mddle Rvr,MD,US,39.34,-76.42,7,6,kmtn
KSSI,SSI,,Brunswick,GA,US,31.15,-81.38,6,6,kssi
,,,s#5,,,25.05,-119.99,0,7,s#5
CYXU,YXU,71623,London,ON,CA,43.04,-81.15,278,6,cyxu
TAPA,,78862,Coolidge Airport,,AG,17.12,-61.78,14,6,tapa
TNCA,,78982,Queen Beatrix,Aruba,AW,12.5,-70.0,18,6,tnca
,,,kan,,,66.03,-152.19,302,7,kan
KPHN,PHN,,St. Clair County,MI,US,42.92,-82.53,198,7,kphn
MUCU,,78264,Santiago De Cuba,Oriente,CU,19.966,-75.85,76,6,mucu
,,,wtby,,,41.51,-72.99,137,7,wtby
KOLM,OLM,72792,Olympia,WA,US,46.98,-122.9,58,6,kolm
KRWI,RWI,,Rocky Mt.Wilson,NC,US,35.86,-77.88,47,6,krwi
,,,col3,,,45.67,-120.84,370,7,col3
KGRI,GRI,72552,Grand Island,NE,US,40.98,-98.32,561,6,kgri
KBUF,BUF,72528,Buffalo Intl,NY,US,42.94,-78.73,211,0,kbuf
MPMG,,,Marcos Gelabert,,PA,8.98333333333,-79.5666666667,13,7,mpmg
KCAD,CAD,,Cadillac/Wexford,MI,US,44.29,-85.42,398,7,kcad
KGLS,GLS,72242,Galveston,TX,US,29.27,-94.87,6,6,kgls
CYYQ,YYQ,71913,Churchill,MB,CA,58.73,-94.07,29,5,cyyq
KBMX,BMX,72230,Brmnghm/Alabastr,AL,US,33.1666666667,-86.7666666667,197,8,bmx
KTVR,TVR,,La/Vicksburg,MS,US,32.35,-91.03,26,7,tvr
KMOP,MOP,,Mount Pleasant Muni,MI,US,43.62,-84.74,230,7,kmop
PFYU,FYU,,Fort Yukon,AK,US,66.57,-145.27,131,7,pfyu
KSTC,STC,72655,St Cloud/Whitney,MN,US,45.55,-94.07,314,3,stc
,,,c02,,,47.59,-103.31,707,7,c02
KSPS,SPS,72351,Sheppard AFB,TX,US,33.98,-98.48,308,4,ksps
KLWT,LWT,,Lewiston,MT,US,47.05,-109.45,1270,6,klwt
KECG,ECG,,Elizabeth City Cg Air Stn/Muni,NC,US,36.26,-76.18,11,6,kecg
MPBO,,,Bocas Del Toro,,PA,9.35,-82.25,3,7,mpbo
KILN,ILN,72426,Wilmington/Airborne Airpark,OH,US,39.43,-83.8,322,3,iln
,,,g#e,,,23.73,-88.72,0,7,g#e
MHPL,,78711,Puerto Lempira,,HN,15.2666666667,-83.7833333333,13,6,mhpl
MMBT,HUX,,Bahias De Huatulco,,MX,15.78,-96.27,143,6,mmbt
KSJT,SJT,72263,San Angelo/Mathi,TX,US,31.38,-100.5,576,5,ksjt
KHMN,HMN,74732,Holloman AFB,NM,US,32.86,-106.1,1248,4,hmn
CYSM,YSM,71934,Fort Smith,NT,CA,60.01,-112.0,203,5,cysm
,,,g#9,,,24.5,-94.39,0,7,g#9
CWEU,,71917,Eureka,NU,CA,80.0,-85.93,10,5,cweu
KFST,FST,,Fort Stockton,TX,US,30.93,-102.82,883,6,fstk
CYQL,YQL,71874,Lethbridge,AB,CA,49.64,-112.8,929,6,yql
KGRF,GRF,74207,Fort Lewis/Gray,WA,US,47.09,-122.58,92,6,grf
PASC,SCC,,Deadhorse,AK,US,70.2,-148.47,15,6,pasc
KRKD,RKD,,Rockland/Knox,ME,US,44.08,-69.12,17,7,krkd
K48I,48I,,Sutton,WV,US,38.687,-80.652,397,8,k48i
KMSS,MSS,,Massena/Richards,NY,US,44.94,-74.85,66,6,kmss
KPNE,PNE,,N Philadelphia,PA,US,40.09,-75.02,28,4,kpne
,,,b#t,,,32.56,-79.09,0,7,b#t
KGZH,GZH,,Evergreen,AL,US,31.42,-87.04,78,7,kgzh
KDHN,DHN,,Dothan,AL,US,31.32,-85.45,113,6,kdhn
KEAU,EAU,,Eau Claire,WI,US,44.88,-91.48,276,4,keau
KPSR,PSR,74626,Phoenix/Wfo,AZ,US,33.4333333333,-112.016666667,342,8,psr
KHFD,HFD,,Hartfrd/Brainard,CT,US,41.73,-72.65,4,4,khfd
,,,g#c,,,21.4,-93.13,0,7,g#c
,,,nw6,,,39.69,-133.25,0,7,nw6
KOUN,OUN,72357,Norman/Max Westheimer,OK,US,35.246,-97.472,357,3,oun
CYHM,YHM,71263,Hamilton Airport,ON,CA,43.17,-79.94,238,6,cyhm
KPUB,PUB,72464,Pueblo Memorial,CO,US,38.29,-104.52,1420,3,pub
KGLD,GLD,72465,Goodland/Renner,KS,US,39.38,-101.7,1113,3,kgld
KBFM,BFM,,Mobile Downtown,AL,US,30.64,-88.07,20,7,kbfm
CYYB,YYB,71731,North Bay,ON,CA,46.38,-79.42,371,6,cyyb
KIPT,IPT,72514,Williamsport,PA,US,41.26,-76.92,164,6,kipt
,MBW,74431,Medicine Bow Pro,WY,US,41.9,-106.25,2068,8,p#5
KBTL,BTL,,Battle Creek/W K Kellogg,MI,US,42.3,-85.25,290,6,kbtl
,,,wja,,,52.84,-118.05,1744,7,wja
KP11,P11,72758,Devils Lake,ND,US,48.11,-98.87,443,7,kp11
KYKM,YKM,72781,Yakima Air Termi,WA,US,46.56,-120.53,324,3,kykm
KUTS,UTS,,Huntsville,TX,US,30.74,-95.59,104,7,kuts
,,,rep,,,48.6,-118.69,1226,7,rep
PAOM,OME,70200,Nome,AK,US,64.5,-165.44,11,5,paom
KLLQ,LLQ,,Monticello Muni/Ellis Field,AR,US,33.64,-91.75,83,7,llq
KAGR,AGR,74796,Avon Park,FL,US,27.65,-81.3333333333,20,8,agr
KDUG,DUG,,Douglas,AZ,US,31.45,-109.6,1265,6,kdug
,,,sww,,,56.97,-126.95,1463,8,sww
KBNA,BNA,72327,NAShville Metro,TN,US,36.12,-86.68,210,2,bna
MSAC,,78650,Acajutla/Sonsonate,,SV,13.57,-89.83,15,7,msac
,,,jpb,,,44.27,-67.25,0,7,jpb
,,,yob,,,40.32,-122.99,1133,7,yob
,,,c36,,,36.6,-101.58,971,7,c36
,,,cnlk,,,54.0,-105.04,582,7,cnlk
KABQ,ABQ,72365,Albuquerque/Kirtland,NM,US,35.05,-106.62,1618,0,kabq
,,,ktt,,,40.86,-79.54,363,7,ktt
,,,raws,,,45.76,-97.49,527,7,raws
,MRR,74437,Merriman Profile,NE,US,42.89,-101.69,1010,8,p#7
KGCC,GCC,72665,Gillette,WY,US,44.36,-105.53,1320,6,kgcc
CYAH,YAH,71823,La Grande Iv,QB,CA,53.76,-73.67,306,5,cyah
KRHI,RHI,,Rhinelander/Oneida Co,WI,US,45.63,-89.47,485,6,rhi
KMFD,MFD,,Mansfield/Lahm,OH,US,40.83,-82.52,395,6,kmfd
KVLD,VLD,,Valdosta,GA,US,30.79,-83.28,62,6,kvld
KCKN,CKN,,Crookston Muni F,MN,US,47.86,-96.62,273,7,ckn
KFLG,FLG,72375,Flagstaff/Pullim,AZ,US,35.14,-111.67,2134,2,kflg
PADU,DUT,70489,Dutch Harbor,AK,US,53.89,-166.53,4,6,padu
KMLU,MLU,,Monroe Regnl,LA,US,32.51,-92.04,29,6,kmlu
,,,u#6,,,63.09,179.13,95,7,u#6
MMSD,SJD,,San Jose Del Cabo,,MX,23.15,-109.7,109,6,mmsd
PAOR,ORT,70291,Northway,AK,US,62.97,-141.94,523,6,paor
KDEC,DEC,,Decatur,IL,US,39.84,-88.87,207,4,kdec
KOPF,OPF,,Miami/Opa Locka,FL,US,25.91,-80.28,16,1,kopf
KBLH,BLH,,Blythe,CA,US,33.62,-114.72,119,6,kblh
KSOA,SOA,,Sonora,TX,US,30.586,-100.649,652,7,soa
KILG,ILG,,Wilmington,DE,US,39.68,-75.6,28,4,kilg
KINK,INK,,Wink,TX,US,31.79,-103.2,855,6,kink
MUMZ,,78256,Manzanillo,,CU,20.2833333333,-77.1,60,7,mumz
KBIH,BIH,72480,Bishop,CA,US,37.37,-118.37,1253,6,kbih
KLUK,LUK,,Cincinnati/Lunken,OH,US,39.1,-84.42,155,1,kluk
KINK,INK,,Wink,TX,US,31.79,-103.2,855,6,ink
KFLP,FLP,,Flippin/Marion Co Regnl,AR,US,36.29,-92.59,219,7,flp
KAPX,APX,72634,Gaylord/Alpena,MI,US,44.9,-84.7166666667,446,8,apx
KRSL,RSL,,Russell Muni,KS,US,38.87,-98.81,567,6,krsl
KINL,INL,72747,International Falls,MN,US,48.58,-93.38,360,1,kinl
KPYM,PYM,,Plymouth,MA,US,41.91,-70.73,43,7,kpym
KP61,P61,,Tofte,MN,US,47.63,-90.92,411,7,lut
,,,g#8,,,25.87,-95.36,0,7,g#8
MMZO,ZLO,,Manzanillo Intl,,MX,19.15,-104.57,8,5,mmzo
,,,noa,,,68.1,-158.78,364,7,noa
PASN,SNP,70308,St Paul Is,AK,US,57.15,-170.22,29,5,pasn
KONT,ONT,,Ontario Intl,CA,US,34.06,-117.6,274,1,kont
KBDL,BDL,72508,Hartford/Bradley,CT,US,41.94,-72.68,60,6,kbdl
,,,b#c,,,56.3,-148.08,0,7,b#c
,,,gvh,,,31.69,-87.81,90,7,gvh
KP59,P59,,Copper Harbor,MI,US,47.45,-87.9,190,7,kp59
MMTO,TLC,,Toluca/Jose Maria,,MX,19.35,-99.57,2576,6,mmto
,,,atl1,,,37.16,-74.82,0,7,atl1
CYQX,YQX,71803,Gander Intl,NF,CA,48.96,-54.57,151,6,cyqx
KGRR,GRR,72635,Grand Rapids Intl,MI,US,42.89,-85.52,237,3,kgrr
KGCN,GCN,72378,Grand Canyon,AZ,US,35.96,-112.15,2016,4,kgcn
,,,g#2,,,30.33,-101.65,647,7,g#2
KRNO,RNO,72488,Reno/Cannon Intl,NV,US,39.51,-119.78,1342,2,krno
KREV,REV,72489,Reno/Wfo,NV,US,39.5666666667,-119.8,1516,8,krev
KHYA,HYA,,Hyannis,MA,US,41.68,-70.28,22,6,khya
KATL,ATL,72219,Atlanta Intl,GA,US,33.66,-84.42,296,0,katl
,,,atlh,,,40.36,-74.1,17,7,atlh
,,,g001,,,47.52,-121.05,1451,7,g001
KBNO,BNO,72683,Burns Muni,OR,US,43.58,-118.95,1264,6,kbno
KMBY,MBY,,Moberly,MO,US,39.464,-92.427,264,8,mby
,,,b#p,,,17.37,-152.52,0,7,b#p
MUCA,,78346,Venezuela/Ciego,,CU,22.0333333333,-78.7833333333,101,6,muca
KDRT,DRT,72261,Del Rio Intl,TX,US,29.38,-100.92,313,2,kdrt
KFSI,FSI,72355,Fort Sill,OK,US,34.66,-98.4,362,7,fsi
KDHT,DHT,,Dalhart,TX,US,36.03,-102.55,1217,6,kdht
MYGW,,78061,West End,Grand Bahama,BS,26.7,-78.966,4,7,mygw
KSWF,SWF,,Stewart/Newburgh,NY,US,41.51,-74.1,150,6,kswf
,,,b#l,,,56.98,-177.65,0,7,b#l
KMCW,MCW,,Mason City,IA,US,43.16,-93.33,369,6,kmcw
KPVU,PVU,,Provo,UT,US,40.23,-111.72,1369,6,kpvu
,,,cvd,,,38.77,-122.97,404,7,cvd
TFFJ,,78894,Gustavia/St.Bart,,GP,17.9,-62.85,290,7,tffj
KHLD,HLD,,Hiland,WY,US,43.09,-107.32,1846,9,hld
,,,grun,,,37.23,-82.14,551,7,grun
PAIH,AIH,,Middleton Is 88D,AK,US,59.4666666667,-146.3,20,8,aih
,,,b015,,,42.75,-124.86,0,7,b015
KMEI,MEI,72234,Meridian/Key Fei,MS,US,32.34,-88.75,89,6,kmei
TQPF,,78846,Wall Blake,,VI,18.1833333333,-63.0333333333,31,7,tqpf
PHJH,JHM,,Lahaina/West Maui,HI,US,21.02,-156.63,78,6,phjh
MMLP,LAP,,La Paz Intl,,MX,24.07,-110.37,21,1,mmlp
KCPR,CPR,72569,Casper/Natrona I,WY,US,42.93,-106.47,1621,6,kcpr
KPIR,PIR,,Pierre,SD,US,44.39,-100.28,526,3,kpir
KISN,ISN,72767,Williston/Slouli,ND,US,48.16,-103.6,579,6,kisn
MMMZ,MZT,,Mazatlan/Gen Buelna,,MX,23.17,-106.27,10,5,mmmz
,,,ysv,,,37.75,-118.56,2218,7,ysv
,,,c25,,,40.86,-84.24,230,7,c25
KABY,ABY,72216,Albany Muni,GA,US,31.54,-84.18,58,6,kaby
KFOE,FOE,,Topeka/Forbes,KS,US,38.96,-95.67,320,6,kfoe
,,,g#7,,,24.4,-97.35,0,7,g#7
KCHS,CHS,72208,Charleston AFB,SC,US,32.91,-80.03,13,1,kchs
KCOE,COE,,Coeur D Alene,ID,US,47.78,-116.82,707,4,kcoe
KMEM,MEM,72334,Memphis Intl,TN,US,35.04,-89.98,86,2,kmem
KRDG,RDG,,Reading/Carl A Spaatz,PA,US,40.38,-75.97,109,6,krdg
KSEA,SEA,72793,Seattle-Tacoma Intl,WA,US,47.44,-122.31,136,0,ksea
CYYR,YYR,71816,Goose Bay,NF,CA,53.33,-60.42,49,5,cyyr
,,,sta,,,40.75,-122.46,579,7,sta
,,,bir,,,65.63,-144.34,281,7,bir
KBOS,BOS,72509,Boston/Logan Intl,MA,US,42.38,-71.03,6,0,kbos
KBID,BID,,Block Island,RI,US,41.18,-71.58,33,7,bid
,,,hay,,,65.2,-161.2,97,7,hay
KAUG,AUG,,Augusta,ME,US,44.32,-69.8,109,4,kaug
KBMG,BMG,,Bloomington/Monroe Co,IN,US,39.16,-86.6,222,7,bng
,,,b#2,,,32.27,-75.17,0,7,b#2
KPSN,PSN,,Palestine Muni,TX,US,31.83,-95.71,117,7,p#u
KJMR,JMR,,Mora Muni,MN,US,45.89,-93.27,309,7,kjmr
,,,liso,,,41.11,-72.89,0,7,liso
KTRI,TRI,,Tri-City/Bristol,TN,US,36.48,-82.4,474,4,ktri
KBIL,BIL,72677,Billings/Logan I,MT,US,45.8,-108.53,1091,6,kbil
MMTP,TAP,,Tapachula,,MX,14.78,-92.38,29,3,mmtp
K92Q,92Q,,Bodega Bay,CA,US,38.32,-122.99,41,8,bod
CYAW,YAW,71601,Halifax,NS,CA,44.64,-63.5,51,6,cyaw
KWAL,WAL,72402,Wallops Is Stn,VA,US,37.94,-75.47,14,5,wal
SVMC,,80407,Maracaibo/La Chi,,VE,10.5666666667,-71.7166666667,65,6,svmc
KRWF,RWF,,Redwood Falls,MN,US,44.55,-95.08,311,6,krwf
MMCU,CUU,76225,Chihuahua Intl,,MX,28.7,-105.97,1372,1,mmcu
MMZH,ZIH,,Ixtapa-Zihuatanejo,,MX,17.6,-101.47,6,6,mmzh
MROC,,78762,Juan Santamaria,,CR,10.0,-84.2166666667,920,6,mroc
TXKF,,78016,Bermuda NAS/Kindley Field,,BM,32.37,-64.68,6,1,txkf
,,,c13,,,37.14,-92.34,399,7,c13
KDIK,DIK,,Dickinson,ND,US,46.79,-102.8,788,6,kdik
CWLM,WLM,71200,Victoria (Auto8),BC,CA,48.42,-123.32,70,7,wlm
KCMI,CMI,,Champaign/Urbana,IL,US,40.04,-88.28,228,6,kcmi
KSBY,SBY,,Salisbury,MD,US,38.34,-75.5,19,4,ksby
KPNA,PNA,,Pinedale,WY,US,42.795,-109.807,2160,8,kpna
KHUF,HUF,72437,Hulman Field/Terre Haute,IN,US,39.46,-87.3,179,6,khuf
KEAX,EAX,,Pleasant Hill/Kc,MO,US,38.8166666667,-94.2666666667,303,8,eax
KPWD,PWD,,Plentywood,MT,US,48.7833333333,-104.516666667,686,8,pwd
KEWR,EWR,72502,Newark Intl,NJ,US,40.71,-74.17,7,2,kewr
,,,sanq,,,37.96,-122.56,86,7,sanq
KAPA,APA,,Denver/Centennial,CO,US,39.5599,-104.848,1775,4,kapa
KGON,GON,,Groton-New London,CT,US,41.33,-72.05,3,7,kgon
KOEL,OEL,,Oakley,KS,US,39.16,-100.89,938,9,okl
,,,5af,,,56.01,-137.0,0,7,5af
PHTO,ITO,91285,Hilo/Lyman Field,HI,US,19.72,-155.07,12,5,phto
CYYE,YYE,71945,Fort Nelson,BC,CA,58.84,-122.6,382,5,cyye
K3LF,3LF,,Litchfield,IL,US,39.163,-89.675,210,8,k3lf
,,,shs,,,38.52,-121.29,23,7,shs
KAPN,APN,72639,Alpena/Phelps,MI,US,45.08,-83.57,210,4,kapn
,,,b#9,,,27.02,-96.56,0,7,b#9
CYQR,YQR,71863,Regina,SK,CA,50.44,-104.67,577,0,cyqr
SKBG,,80094,Bucaramango/Palo,,CO,7.13333333333,-73.1833333333,1189,7,skbg
,,,frs,,,38.6,-123.24,192,7,frs
KPHP,PHP,,Philip,SD,US,44.05,-101.6,672,7,php
KANJ,ANJ,72734,Sault Ste Marie/Sanderson Field,MI,US,46.485,-84.366,218,0,anj
KGLY,GLY,,Clinton,MO,US,38.35,-93.77,238,8,cnn
MMTC,TRC,76382,Torreon,,MX,25.53,-103.45,1124,5,mmtc
KY26,Y26,,Mobridge,SD,US,45.54,-100.43,508,8,ky26
KTOP,TOP,72456,Topeka/Billard Muni,KS,US,39.08,-95.62,268,3,ktop
KGNC,GNC,,Seminole,TX,US,32.675,-102.653,1010,7,gnc
MHRO,,78703,Roatan,,HN,16.3166666667,-86.5333333333,5,6,mhro
KSSC,SSC,74790,Shaw AFB/Sumter,SC,US,33.98,-80.47,74,6,kssc
PAFA,FAI,70261,Fairbanks Intl Ap,AK,US,64.82,-147.87,132,5,pafa
PADK,ADK,70454,Adak NAS/Mitchel,AK,US,51.89,-176.65,4,7,padk
KODX,ODX,,Ord/Sharp,NE,US,41.62,-98.95,631,7,odx
,,,Granger Kgrk 88D,TX,US,30.73,-97.41,175,8,hoo
KSAV,SAV,72207,Savannah Muni,GA,US,32.14,-81.2,14,4,ksav
KHQM,HQM,,Hoquiam,WA,US,46.98,-123.97,7,4,khqm
KHPX,HPX,,Hopkinton/F Camb,KY,US,36.73,-87.31,177,8,xrw
KPGV,PGV,,Pitt-Greenville,NC,US,35.63,-77.4,8,7,kpgv
KFFC,FFC,72215,Peachtree/Falcon Field,GA,US,33.35,-84.56,262,1,ffc
KRBG,RBG,72690,Roseburg,OR,US,43.23,-123.37,154,7,krbg
CYQA,YQA,71630,Muskoka,ON,CA,44.98,-79.3,282,6,cyqa
,OKO,74769,Okolona Profiler,MS,US,34.04,-88.81,99,8,p#x
MHCA,,78714,Catacamas,,HN,14.9,-85.7833333333,442,6,mhca
,,,rck,,,42.55,-119.6,1595,7,rck
KJHW,JHW,,Jamestown,NY,US,42.16,-79.25,525,6,kjhw
,,,le3,,,42.75,-79.26,174,7,le3
PAGS,GST,70367,Gustavus,AK,US,58.42,-135.73,9,6,pags
MYNN,,78073,NASsau Intl,,BS,25.05,-77.47,3,3,mynn
PAEC,AEC,,Chulitna,AK,US,62.89,-149.84,381,7,paec
KMHK,MHK,,Manhattan,KS,US,39.16,-96.67,317,4,kmhk
KAFJ,AFJ,,Washington,PA,US,40.14,-80.29,361,7,kafj
KYKN,YKN,,Yankton,SD,US,42.92,-97.38,398,7,kykn
TUPJ,,78550,Beef Is/Roadtown,,VI,18.45,-64.53,4,7,tupj
KRQB,RQB,,Big Rapids/Roben-Hood,MI,US,43.72,-85.5,302,7,krqb
,,,tpk,,,35.86,-121.31,381,7,tpk
MGGT,,78641,Guatemala/La Au,,GT,14.5666666667,-90.5333333333,1509,6,mggt
,,,woo,,,38.9,-78.48,379,7,woo
KJAX,JAX,72206,Jacksonville Intl,FL,US,30.4941,-81.6879,10,0,kjax
KLBF,LBF,72562,North Platte/Lee Bi,NE,US,41.14,-100.68,847,3,klbf
KSDF,SDF,72423,Louisville/Standiford,KY,US,38.19,-85.73,146,6,ksdf
KIGM,IGM,72370,Kingman,AZ,US,35.28,-113.95,1032,7,igm
,,,gnb,,,44.9,-80.34,176,7,gnb
,,,le2,,,42.49,-81.21,174,7,le2
KINT,INT,72319,Winston Salem/Smith Reynolds,NC,US,36.13,-80.22,291,4,kint
PAVW,VWS,70275,Valdez,AK,US,61.13,-146.35,11,7,pavw
KSHV,SHV,72248,Shreveport Rgnl,LA,US,32.45,-93.83,83,3,kshv
PATO,POR,,Portage Glacier Visitor Cntr,AK,US,60.79,-148.83,31,7,pato
,,,atl2,,,36.1,-74.26,0,7,atl2
KGTB,GTB,74370,Fort Drum/Wheele,NY,US,44.05,-75.74,207,6,gtb
PACV,CDV,70296,Cordova/Mile 13,AK,US,60.5,-145.5,12,6,pacv
KSGU,SGU,,Saint George,UT,US,37.09,-113.6,896,6,ksgu
KEND,END,,Enid/Vance AFB,OK,US,36.34,-97.9,398,4,end
KLWB,LWB,,Lewisburg,WV,US,37.88,-80.4,702,6,klwb
,,,wrp,,,69.78,-128.64,21,7,wrp
,,,opp3,,,45.27,-129.77,0,7,opp3
KIAD,IAD,72403,Washington/Dulles,VA,US,38.96,-77.45,93,0,kiad
MMMY,MTY,,Monterrey/Gen Maria,,MX,25.78,-100.1,387,6,mty
KBTV,BTV,72617,Burlington Intl,VT,US,44.48,-73.15,105,3,kbtv
KHOU,HOU,,Houston/Wm P Hobby,TX,US,29.65,-95.28,36,3,khou
TNCM,,78866,Prinses Juliana,,VI,18.05,-63.12,4,8,tncm
KALW,ALW,72788,Walla Walla Regnl,WA,US,46.09,-118.29,363,6,kalw
PAWR,IEM,,Whittier,AK,US,60.77,-148.69,47,7,pawr
KIWD,IWD,,Ironwood,MI,US,46.54,-90.13,375,7,kiwd
CYPQ,YPQ,,Peterborough,ON,CA,44.23,-78.37,191,6,cypq
KBGM,BGM,72515,Binghamton/Broom,NY,US,42.23,-75.98,490,3,kbgm
KFYV,FYV,,Fayetteville,AR,US,36.01,-94.17,379,4,kfyv
KSAW,SAW,,K I Sawyer AFB,MI,US,46.36,-87.4,372,8,saw
,,,c19,,,48.95,-113.95,1831,7,c19
KWMC,WMC,72583,Winnemucca Muni,NV,US,40.91,-117.8,1310,3,kwmc
KMDW,MDW,72534,Chicago/Midway,IL,US,41.79,-87.75,188,1,kmdw
CYXZ,YXZ,71738,Wawa,ON,CA,47.98,-84.78,287,6,cyxz
KSNA,SNA,,Santa Ana/John Wayne-Orange Co,CA,US,33.68,-117.87,16,6,ksna
,,,b#u,,,32.43,-119.52,0,7,b#u
KDDC,DDC,72451,Dodge City,KS,US,37.78,-99.97,789,0,kddc
KGRK,GRK,,Fort Hood/R Gray,TX,US,31.07,-97.83,309,5,kgrk
KRST,RST,72644,Rochester,MN,US,43.904,-92.492,403,6,krst
KPRB,PRB,,Paso Robles,CA,US,35.68,-120.63,245,6,kprb
K4BL,4BL,72472,Blanding,UT,US,37.62,-109.47,1840,7,4bl
KSGF,SGF,72440,Springfield Muni,MO,US,37.23,-93.4,390,5,ksgf
MMMX,MEX,,Mexico City/Licenci,,MX,19.43,-99.1,2238,1,mmmx
KMIW,MIW,,Marshalltown,IA,US,42.07,-92.87,296,7,mar
KGWO,GWO,,Greenwood,MS,US,33.51,-90.08,44,4,kgwo
CYDF,YDF,71809,Deer Lake,NF,CA,49.23,-57.4,22,6,cydf
KDEN,DEN,72565,Denver Intl,CO,US,39.8466,-104.656,1640,0,kden
KJCT,JCT,74740,Junction,TX,US,30.5,-99.77,522,6,jct
KFAY,FAY,,Fayetteville Regnl/Grannis Field,NC,US,34.99,-78.88,55,4,kfay
KAQQ,AQQ,,Apalachicola,FL,US,29.7333333333,-85.0333333333,5,8,aqq
KD07,D07,,Faith Muni,SD,US,45.04,-102.02,784,7,d07
KSMX,SMX,72394,Santa Maria Publ,CA,US,34.91,-120.45,74,6,ksmx
KHIO,HIO,,Hillsboro,OR,US,45.54,-122.95,68,6,khio
,,,gvy,,,39.21,-121.17,460,7,gvy
KLBE,LBE,,Latrobe,PA,US,40.29,-79.4,361,6,klbe
,,,smb,,,41.34,-123.49,863,7,smb
KMMU,MMU,,Morristown Muni,NJ,US,40.799,-74.415,57,7,kmmu
CYQI,YQI,71603,Yarmouth,NS,CA,43.84,-66.08,43,5,cyqi
,LTH,74551,Lathrop Profiler,MO,US,39.6,-94.13,293,8,p#i
KLBX,LBX,,Angleton-Lk Jackson/Brazoria Co,TX,US,29.12,-95.47,6,7,klbx
KAND,AND,,Anderson Co,SC,US,34.49,-82.71,239,6,kand
KROA,ROA,72411,Roanoke Muni,VA,US,37.33,-79.97,362,3,kroa
KLGB,LGB,72297,Long Beach,CA,US,33.83,-118.15,10,6,klgb
KMBS,MBS,,Saginaw/Tri City,MI,US,43.53,-84.08,202,6,kmbs
KBPT,BPT,72241,Beaumont/Port Arthrur,TX,US,29.95,-94.02,5,6,kbpt
KHTH,HTH,,Hawthorne,NV,US,38.55,-118.63,1285,8,khth
KDAL,DAL,72258,Dallas/Love,TX,US,32.86,-96.85,158,1,kdal
KSVE,SVE,72584,Susanville,CA,US,40.39,-120.57,1263,7,ksve
CWLO,WLO,71853,Shilo,MB,CA,49.79,-99.65,373,7,cwlo
,,,nw3,,,37.36,-136.95,0,7,nw3
KNTD,NTD,72391,Pt Mugu Naws,CA,US,34.12,-119.12,4,6,ntd
MMSP,SLP,76539,San Luis Potosi,,MX,22.15,-100.98,1903,6,mmsp
KERI,ERI,72526,Erie Intl,PA,US,42.08,-80.18,222,4,keri
,,,4om,,,48.38,-119.59,697,7,4om
KROW,ROW,72268,Roswell/Industrial Air Center,NM,US,33.31,-104.51,1112,4,krow
KBLF,BLF,,Bluefield,WV,US,37.3,-81.22,873,6,kblf
PADQ,ADQ,70350,Kodiak,AK,US,57.76,-152.5,34,5,padq
CWPH,WPH,,Inukjuak,QB,CA,58.46,-78.12,253,8,cwph
,,,a#5,,,53.99,-143.07,0,7,a#5
KGSO,GSO,72317,Greensboro/Hi Pt,NC,US,36.01,-79.95,275,3,kgso
PAIL,ILI,70340,Iliamna,AK,US,59.76,-154.92,49,6,pail
KMIV,MIV,,Millville Muni,NJ,US,39.37,-75.07,23,6,kmiv
KUIN,UIN,,Quincy/Balwin,IL,US,39.94,-91.2,234,6,kuin
KORH,ORH,,Worcester,MA,US,42.28,-71.87,304,6,korh
MMLP,LAP,,La Paz Intl,,MX,24.07,-110.37,21,1,lap
PACD,CDB,70316,Cold Bay,AK,US,55.21,-162.72,30,5,pacd
PAXK,PXK,,Paxson,AK,US,63.04,-145.5,809,7,paxk
KUNV,UNV,,State College,PA,US,40.86,-77.83,378,3,kunv
KSLO,SLO,,Salem-Leckrone,IL,US,38.65,-88.97,175,7,slo
KISM,ISM,,Orlando/Kissimmee Muni,FL,US,28.29,-81.437,25,7,kism
KOQT,OQT,,Oak Ridge,TN,US,35.99,-84.28,330,7,o#k
KCVG,CVG,72421,Cincinnati/Grtr,OH,US,39.05,-84.67,269,0,kcvg
,SLA,74449,Slater Profiler,IA,US,41.86,-93.77,299,8,p#a
KBYI,BYI,,Burley,ID,US,42.54,-113.77,1264,6,kbyi
MHAM,,78700,Amapala/Los Pel,,HN,13.2666666667,-87.65,5,6,mham
KO54,O54,,Wvrvl/Trinty Apt,CA,US,40.77,-122.97,1046,8,wev
KDLN,DLN,,Dillon,MT,US,45.26,-112.47,1744,6,kldn
KOKC,OKC,72353,Oklahoma City/Will Rogers,OK,US,35.41,-97.6,390,2,kokc
KFWA,FWA,72533,Fort Wayne/Baer,IN,US,41.01,-85.2,248,3,kfwa
TJMZ,,,Mayaguez/Eugenio,PR,US,18.27,-67.15,9,6,tjmz
,,,c14,,,41.03,-107.06,2605,7,c14
MHTE,,78706,Tela,,HN,15.7833333333,-87.4833333333,3,6,mhte
K1V4,1V4,72614,St. Johnsbury,VT,US,44.42,-72.02,210,7,1v4
KDRO,DRO,,Dur-La Plata,CO,US,37.16,-107.75,2035,4,kdro
KYNG,YNG,72525,Youngstown Muni,OH,US,41.27,-80.67,360,6,kyng
,,,b#m,,,23.45,-162.28,0,7,b#m
,,,nw5,,,43.57,-135.43,0,7,nw5
MMMA,MAM,,Matamoros Intl,,MX,25.77,-97.53,8,6,mmma
KCMH,CMH,72428,Port Columbus In,OH,US,40.01,-82.88,247,4,kcmh
KXMR,XMR,74794,Cocoa Bch,FL,US,28.468,-80.567,3,8,xmr
PHNL,HNL,91182,Honolulu Intl,HI,US,21.35,-157.93,4,6,phnl
KLEW,LEW,,Auburn-Lewiston,ME,US,44.05,-70.29,88,7,klew
KAWH,AWH,,Wildhorse Res/El,NV,US,41.67,-115.79,1902,7,awh
KMLD,MLD,,Malad City,ID,US,42.18,-112.32,1373,6,mld
KDVN,DVN,74455,Davenport,IA,US,41.62,-90.58,230,3,dvn
,,,ngx,,,31.38,-114.55,0,7,ngx
KBFL,BFL,72384,Bakersfield/Mead,CA,US,35.43,-119.05,151,6,kbfl
KGFK,GFK,,Grand Forks Intl,ND,US,47.96,-97.18,258,2,kgfk
KBAX,BAX,,Bad Axe,MI,US,43.79,-82.99,234,7,bax
,,,c22,,,47.5,-99.04,467,7,c22
,,,kil,,,60.32,-160.35,314,7,kil
KART,ART,,Watertown Intl A,NY,US,44.01,-76.02,100,6,kart
KFMH,FMH,,Falmouth,MA,US,41.659,-70.522,40,7,kfmh
KLBB,LBB,72267,Lubbock Preston Smith Intl,TX,US,33.6658,-101.823,993,0,klbb
,,,cnd,,,36.94,-85.33,251,7,cnd
KIJD,IJD,,Willimantic,CT,US,41.75,-72.18,75,7,ijd
,,,s#b,,,28.04,-88.96,0,7,s#b
,,,oppc,,,29.65,-116.97,0,7,oppc
,,,c01,,,37.18,-118.73,3110,7,c01
MRLM,,78767,Limon Intl Airp,,CR,9.96666666667,-83.0333333333,2,6,mrlm
KHUL,HUL,,Houlton,ME,US,46.14,-67.78,150,2,khul
KRZR,RZR,,Cleveland Reg.,TN,US,35.21,-84.75,262,7,cld
CYTH,YTH,71079,Thompson,MB,CA,55.8,-97.87,218,6,cyth
KFMN,FMN,,Farmington/Four Corners Regnl,NM,US,36.76,-108.23,1685,6,kfmn
KP68,P68,,Eureka,NV,US,39.604,-116.005,1809,9,p68
KGEG,GEG,72785,Spokane Intl,WA,US,47.64,-117.53,735,1,kgeg
PALG,KLG,,Kalskag,AK,US,61.54,-160.34,17,7,klg
KGGW,GGW,72768,Glasgow Intl,MT,US,48.21,-106.63,694,2,kggw
KMCB,MCB,,Mccomb,MS,US,31.18,-90.47,124,6,kmcb
KBTL,BTL,,Battle Creek/W K Kellogg,MI,US,42.3,-85.25,290,6,btl
KRDM,RDM,,Redmond/Roberts,OR,US,44.28,-121.15,938,6,krdm
MGSJ,,78647,San Jose (Civ/M,,GT,13.9166666667,-90.8333333333,9,6,mgsj
KMYR,MYR,74791,Myrtle Beach AFB,SC,US,33.69,-78.93,8,6,kmyr
KHIB,HIB,,Hibbing,MN,US,47.39,-92.85,412,3,khib
KITH,ITH,,Ithaca,NY,US,42.48,-76.47,335,6,kith
KENL,ENL,,Centralia,IL,US,38.52,-89.08,163,7,enl
MUCM,,78255,Camaguey,,CU,21.416,-77.85,122,6,mucm
CYQD,YQD,71867,The Pas,MB,CA,53.98,-101.1,271,5,cyqd
KJHN,JHN,,Johnson City,KS,US,37.5833333333,-101.733333333,1013,8,jhn
KRIC,RIC,72401,Richmond/Byrd Fi,VA,US,37.51,-77.31,50,4,kric
KRAP,RAP,,Rapid City,SD,US,44.056,-103.054,965,2,krap
TNCE,,78873,Fdr/Oranjes,,AN,17.4666666667,-62.9666666667,39,7,tnce
KILX,ILX,74560,Lincoln,IL,US,40.15,-89.3333333333,177,8,ilx
KPTK,PTK,,Pontiac/Oakland Co Intl,MI,US,42.67,-83.42,299,2,kptk
PAEN,ENA,70259,Kenai Muni,AK,US,60.57,-151.25,27,6,paen
KCLE,CLE,72524,Cleveland/Hopkin,OH,US,41.43,-81.87,233,3,kcle
KPVD,PVD,72507,Providence/Green,RI,US,41.73,-71.43,16,3,kpvd
CYLH,,71697,Lansdowne House,ON,CA,52.2,-87.9333333333,254,7,cylh
KOGB,OGB,,Orangeburg,SC,US,33.47,-80.85,59,7,kogb
,,,bon,,,48.64,-116.39,1099,7,bon
KHAT,HAT,72302,Cape Hatteras,NC,US,35.28,-75.55,3,8,khat
KAHN,AHN,72311,Athens Muni,GA,US,33.96,-83.32,244,4,ahn
,,,opa1,,,42.37,-67.78,0,7,opa1
KTRM,TRM,,Thermal,CA,US,33.64,-116.17,-35,6,ktrm
,WSM,74629,White Sands Prof,NM,US,32.4,-106.35,1315,8,p#l
SKSM,,80009,Santa Marta/Simo,,CO,11.1166666667,-74.2166666667,4,7,sksm
KBPK,BPK,,Mountain Home/Baxter Co Regnl,AR,US,36.37,-92.47,280,7,bpk
K9V9,9V9,72653,Chamberlain,SD,US,43.8,-99.32,519,7,k9v9
KHYS,HYS,,Hays,KS,US,38.86,-99.27,609,4,khys
KIPL,IPL,,Imperial,CA,US,32.84,-115.57,-17,6,kipl
,JTN,74735,Jayton Profiler,TX,US,33.0,-101.01,724,8,p#t
MHTG,,78720,Tegucigalpa/Ton,,HN,14.0666666667,-87.2166666667,1004,6,mhtg
MMTJ,TIJ,,Tijuana Intl,,MX,32.55,-116.97,152,6,mmtj
,,,a#6,,,54.93,-155.02,0,7,a#6
KESF,ESF,,Alexandria/Esler,LA,US,31.4,-92.3,28,6,kesf
KDSD,DSD,,Redmond(Vor),OR,US,44.25,-121.3,938,8,dsd
PHOG,OGG,91190,Kahului Airport,HI,US,20.9,-156.43,12,6,phog
,,,kel,,,67.96,-162.4,120,7,kel
KFSD,FSD,72651,Sioux Falls/Foss,SD,US,43.59,-96.74,436,2,kfsd
KOSC,OSC,,Wurtsmith AFB,MI,US,44.46,-83.4,193,7,osc
CYSY,YSY,71051,Sachs Harbour,NT,CA,72.0,-125.27,86,6,cysy
KU28,U28,72477,Green River,UT,US,39.01,-110.15,1241,7,u28
KBHB,BHB,,Bar Harbor,ME,US,44.46,-68.37,26,7,kbhb
KEET,EET,,Alabaster/Shelby Co,AL,US,33.18,-86.78,173,3,keet
,,,opa2,,,39.33,-72.05,0,7,opa2
TDPR,,78907,Roseau,,DM,15.3,-61.3833333333,72,7,tdpr
KPUC,PUC,72470,Price/Carbon Co,UT,US,39.62,-110.75,2091,7,puc
KBRO,BRO,72250,Brownsville Intl,TX,US,25.9,-97.43,7,0,kbro
,,,s#2,,,38.51,-128.94,0,7,s#2
MDPC,,78479,Punta Cana,,DO,18.57,-68.37,12,6,mdpc
KBMI,BMI,,Bloomington/Normal,IL,US,40.48,-88.93,267,7,kbmi
KSTS,STS,,Santa Rosa/Sonoma Co,CA,US,38.51,-122.81,39,6,ksts
KRKS,RKS,72574,Rock Springs,WY,US,41.61,-109.07,2060,6,krks
,WDL,74341,Wood Lake Profil,MN,US,44.68,-95.37,313,8,p#3
KCIN,CIN,,Carroll,IA,US,41.98,-94.75,383,8,crl
CYQM,YQM,71705,Moncton,NB,CA,46.12,-64.68,71,6,cyqm
KBAB,BAB,,Beale AFB/Marysv,CA,US,39.14,-121.44,34,6,bab
KPYX,PYX,,Perryton,TX,US,36.45,-100.84,889,8,g#1
KAST,AST,72791,Astoria/Clatsop,OR,US,46.16,-123.88,3,4,kast
,,,fzp,,,34.84,-118.94,1350,7,fzp
,,,wpt,,,46.82,-124.03,28,7,wpt
,,,cln,,,31.71,-89.38,82,7,cln
KPOE,POE,72239,Fort Polk (Army),LA,US,31.05,-93.18,101,4,kpoe
KCQV,CQV,,Colville Muni,WA,US,48.55,-117.89,572,7,cqv
