icao,iata,synop,name,state,country,lat,lon,elev,priority,srcid
,,10035,Schleswig,,DE,54.53,9.55,48,2,10035
,,10184,Greifswald,,DE,54.10,13.40,6,2,10184
,,10393,Lin,,DE,52.22,14.12,115,2,10393
,,10548,Meiningen,,DE,50.57,10.37,450,2,10548
,,10739,Stuttgart,,DE,48.83,9.20,315,2,10739
,,10868,Muenchen,,DE,48.25,11.55,489,2,10868
,,11035,Wien,,AT,48.25,16.37,200,2,11035
,,11520,Prague,,CZ,50.00,14.45,303,2,11520
,,11747,Prostejov,,CZ,49.45,17.13,216,2,11747
,,11952,Poprad,,SK,49.03,20.32,701,2,11952
,,12120,Leba,,PL,54.75,17.53,2,2,12120
,,12374,Warsaw,,PL,52.40,20.97,96,2,12374
,,12425,Wroclaw,,PL,51.13,16.98,116,2,12425
,,12843,Budapest,,HU,47.43,19.18,139,2,12843
,,13275,Belgrade,,RS,44.77,20.42,203,2,13275
,,16113,Levaldigi,,IT,44.53,7.62,386,2,16113
,,16144,San Pietro Capofiume,,IT,44.65,11.62,38,2,16144
,,17030,Samsun City,,TR,41.28,36.33,4,2,17030
,,17130,Ankara,,TR,39.95,32.88,894,2,17130
,,17220,Izmir,,TR,38.43,27.17,25,2,17220
,,17351,Adana,,TR,37.05,35.35,28,2,17351
,,20046,Polargmo,,RU,80.62,58.05,22,2,20046
,,20292,Mys Chelyuskin,,RU,77.72,104.30,15,2,20292
UODD,,20674,Dikson Island,,RU,73.53,80.40,47,2,20674
,,21432,Kotel'nyy Island,,RU,76.00,137.90,10,2,21432
UE38,,21824,Tiksi,,RU,71.58,128.92,8,2,21824
ESPA,LLA,02185,Lulea,,SE,65.55,22.13,16,2,2185
,,22217,Kandalaksha,,RU,67.15,32.35,26,2,22217
,,22271,Shoyna,,RU,67.88,44.13,16,2,22271
,,22522,Rabocheostrovsk,,RU,64.98,34.80,10,2,22522
ULPB,PES,22820,Petrozavodsk,,RU,61.82,34.27,109,2,22820
,,22845,Kargopol,,RU,61.50,38.93,121,2,22845
ULAB,,23205,Naryan-Mar,,RU,67.65,53.02,7,2,23205
USDD,SLY,23330,Salekhard,,RU,66.53,66.53,16,2,23330
UOTT,THX,23472,Turukhansk,,RU,65.78,87.95,32,2,23472
ESNN,SDL,02365,Sundsvall,,SE,62.53,17.47,6,2,2365
UNKT,,23884,Bor,,RU,61.60,90.00,63,2,23884
USSI,,23921,Ivdel',,RU,60.68,60.43,101,2,23921
,,23955,Aleksandrovskoe,,RU,60.43,77.87,47,2,23955
UEBV,,24266,Verkhoyansk,,RU,67.55,133.38,137,2,24266
,,24507,Tura,,RU,64.27,100.23,186,2,24507
UENW,VYI,24641,Vilyuysk,,RU,63.77,121.62,107,2,24641
UEMJ,,24688,Oymyakon,,RU,63.27,143.15,745,2,24688
UERR,MJZ,24726,Mirny,,RU,62.55,113.88,347,2,24726
UNIW,,24908,Vanavara,,RU,60.33,102.27,260,2,24908
UEMO,,24944,Olekminsk,,RU,60.40,120.42,226,2,24944
UESS,CSS,25123,Cherskiy,,RU,68.80,161.28,32,2,25123
ESGG,GOT,02527,Gothenburg,,SE,57.67,12.30,155,2,2527
UESU,ZKP,25400,Zyryanka,,RU,65.73,150.90,43,2,25400
,,25428,Omolon,,RU,65.23,160.50,265,2,25428
UHMS,,25703,Seymchan,,RU,62.92,152.42,207,2,25703
,,26298,Bologoe,,RU,57.90,34.05,178,2,26298
,,26702,Kaliningrad,,RU,54.70,20.62,21,2,26702
,,26781,Smolensk,,RU,54.75,32.07,241,2,26781
,,27199,Kirov,,RU,58.60,49.63,158,2,27199
UWGG,GOJ,27459,Nizhny Novgorod,,RU,56.27,44.00,157,2,27459
,,27595,Kazan,,RU,55.78,49.18,116,2,27595
,,27612,Moscow,,RU,55.75,37.57,156,2,27612
,,27707,Suhinici,,RU,54.12,35.33,239,2,27707
,,27730,Ryazan,,RU,54.63,39.70,158,2,27730
,,27995,Bezenchuk,,RU,52.98,49.43,45,2,27995
,,28225,Perm,,RU,57.95,56.20,170,2,28225
USTO,TOX,28275,Tobolsk,,RU,58.15,68.18,44,2,28275
,,28445,Verkhneye Dubrovo,,RU,56.73,61.07,290,2,28445
,,28661,Kurgan,,RU,55.47,65.40,79,2,28661
,,28698,Omsk,,RU,54.93,73.40,123,2,28698
,,28722,Ufa,,RU,54.75,56.00,105,2,28722
UNCL,,29231,Kolpashevo,,RU,58.30,82.90,76,2,29231
UNKB,,29282,Boguchany,,RU,58.42,97.40,134,2,29282
,,29572,Emel'janovo,,RU,56.18,92.62,296,2,29572
,,29612,Barabinsk,,RU,55.37,78.37,120,2,29612
,,02963,Jokioinen,,FI,60.82,23.50,103,2,2963
,,29839,Barnaul,,RU,53.35,83.82,159,2,29839
,,29862,Hakasskata,,RU,53.77,91.32,256,2,29862
,,03005,Lerwick,,GB,60.13,-1.18,82,2,3005
UERT,,3054,Vitim,,RU,59.45,112.58,193,2,30054
UIBB,BTK,30309,Bratsk,,RU,56.07,101.83,489,2,30309
UIAR,,30372,Chara,,RU,56.92,118.37,711,2,30372
UIUB,,30554,Bagdarin,,RU,54.47,113.13,995,2,30554
,,30635,Ust-Barguzin,,RU,53.42,109.02,457,2,30635
,,30673,Mogocha,,RU,53.73,119.78,619,2,30673
,,30715,Angarsk,,RU,52.48,103.85,450,2,30715
,,30935,Krasnyy Chikoy,,RU,50.37,108.75,770,2,30935
,,30965,Borzya,,RU,50.38,116.52,684,2,30965
,,31004,Aldan,,RU,58.62,125.37,682,2,31004
,,31088,Okhotsk,,RU,59.37,143.20,6,2,31088
,,31168,Ayan,,RU,56.45,138.15,9,2,31168
,,31300,Zeya,,RU,53.75,127.23,232,2,31300
UHNN,,31369,Nikolaevsk-na-Amure,,RU,53.15,140.70,68,2,31369
UHBB,BQS,31510,Blagoveshchensk,,RU,50.27,127.50,137,2,31510
,,31736,Khabarovsk,,RU,48.53,135.23,72,2,31736
,,31873,Dalnerechensk,,RU,45.87,133.73,107,2,31873
,,31977,De-Friz,,RU,43.27,132.05,82,2,31977
,,32061,Aleksandrovsk-Sakhalinskiy,,RU,50.90,142.17,31,2,32061
,,32098,Poronaysk,,RU,49.22,143.10,4,2,32098
,,32215,Severo-Kuril'sk,,RU,50.68,156.13,23,2,32215
,,03238,Albemarle,,GB,55.01,-1.87,141,2,3238
,,32389,Klyuchi,,RU,56.32,160.83,28,2,32389
UHPB,,32618,Nikolskoye,,RA,55.20,165.98,14,2,32618
UMGG,GME,33041,Gomel,,BY,52.45,31.00,127,2,33041
,,03354,Nottingham,,GB,53.00,-1.25,117,2,3354
UKLN,CWC,33658,Chernovsty,,UA,48.37,25.90,246,2,33658
,,34009,Kursk,,RU,51.77,36.17,247,2,34009
UWSS,RTW,34172,Saratov,,RU,51.57,46.05,156,2,34172
,,34247,Kalach,,RU,50.42,41.05,93,2,34247
,,34858,Divnoye,,RU,45.92,43.35,87,2,34858
,,35121,Orenburg,,RU,51.78,55.22,109,2,35121
,,35394,Karagandy,,KZ,49.80,73.13,553,2,35394
UAKD,DZN,35671,Zhezkazgan,,KZ,47.80,67.72,345,2,35671
,,35700,Atyrau,,KZ,47.02,51.85,-15,2,35700
UASP,PWQ,36003,Pavlodar,,KZ,52.28,76.95,123,2,36003
,,36096,Kyzyl,,RU,51.67,94.38,629,2,36096
,,03808,Camborne,,GB,50.22,-5.32,87,2,3808
,,38341,Taraz,,KZ,42.85,71.38,653,2,38341
,,03882,Herstmonceux,,GB,50.90,0.32,54,2,3882
,,03918,Castor Bay,,IE,54.30,-6.19,15,2,3918
,,3953,Valentia Observatory,,IE,51.93,-10.25,9,2,3953
,,40179,Biet Dagan,,IL,32.00,34.82,30,2,40179
,,41977,Chittagong,,BD,22.35,91.82,34,2,41977
,,42027,Srinagar,,IN,34.08,74.83,1587,2,42027
,,42101,Patiala,,IN,30.33,76.47,251,2,42101
,,42874,Pbo Raipur,,IN,21.22,81.67,298,2,42874
,,43041,Jagdalpur,,IN,19.08,82.03,553,2,43041
,,43150,Vishakhapatnam,,IN,17.70,83.30,66,2,43150
,,43192,Panjim,,IN,15.48,73.82,60,2,43192
,,43285,Mangaluru,,IN,12.95,74.83,31,2,43285
,,43295,Bangalore,,IN,12.97,77.58,921,2,43295
,,43311,Amini Divi,,IN,11.12,72.73,4,2,43311
,,43369,Minicoy Island,,IN,8.30,73.15,2,2,43369
,,43371,Thiruvananthapuram,,IN,8.48,76.95,64,2,43371
,,44231,Muren,,MN,49.63,100.17,1288,2,44231
ZMUB,ULN,44292,Ulaanbaatar,,MN,47.93,106.98,1313,2,44292
VHHH,HKG,45004,Hong Kong,,HK,22.32,114.17,66,2,45004
,,47102,CHONGONG-NI,,KO,38.03,127.15,70,2,47102
,,47138,Pohang,,KO,36.03,129.38,6,2,47138
RKPM,,47185,Mosulpo,,KO,33.28,126.17,73,2,47185
,,47401,Wakkanai,,JP,45.42,141.68,11,2,47401
,,47412,Sapporo,,JP,43.05,141.33,19,2,47412
,,47582,Akita,,JP,39.72,140.10,21,2,47582
,,47600,Wajima,,JP,37.38,136.90,14,2,47600
,,47646,Tateno,,JP,36.05,140.13,31,2,47646
,,47678,Hachijojima,,JP,33.12,139.78,80,2,47678
,,47778,Shionomisaki,,JP,33.45,135.77,75,2,47778
,,47807,Fukuoka,,JP,33.58,130.38,14,2,47807
,,47827,Yoshino,,JP,31.63,130.58,31,2,47827
,,47909,Naze Funchatoge,,JP,28.38,129.55,295,2,47909
,,48650,Sepang,,MY,2.73,101.70,17,2,48650
,,50527,Hailar,,CN,49.22,119.75,611,2,50527
,,50557,Nenjiang,,CN,49.17,125.23,243,2,50557
,,50774,Yichun,,CN,47.72,128.90,232,2,50774
,,50953,Harbin,,CN,45.75,126.77,143,2,50953
,,51076,Altay,,CN,47.73,88.08,737,2,51076
,,51463,Urumqi,,CN,43.78,87.62,919,2,51463
,,51644,Kuqa,,CN,41.72,82.95,1100,2,51644
,,51777,Ruoqiang,,CN,39.03,88.17,889,2,51777
,,51839,Niya,,CN,37.07,82.77,1410,2,51839
,,52267,Ejin Qi,,CN,41.95,101.07,941,2,52267
,,52323,Mazongshanzhen,,CN,41.80,97.03,1770,2,52323
,,52418,Dunhuang,,CN,40.15,94.68,1140,2,52418
,,52681,Minqin,,CN,38.63,103.08,1367,2,52681
,,52818,Golmud,,CN,36.42,94.90,2809,2,52818
,,52836,Qagan Us,,CN,36.30,98.10,3192,2,52836
,,52983,Yu Zhong,,CN,35.87,104.15,1875,2,52983
,,53068,Erenhot,,CN,43.65,112.00,966,2,53068
,,53513,Linhe,,CN,40.77,107.40,1041,2,53513
,,53915,Pingliang,,CN,35.55,106.67,1348,2,53915
,,54102,Xilin Gol,,CN,43.95,116.07,991,2,54102
,,54135,Tongliao,,CN,43.60,122.27,180,2,54135
,,54218,Chifeng,,CN,42.27,118.97,572,2,54218
,,54292,Yanji,,CN,42.88,129.47,178,2,54292
,,54374,Linjiang,,CN,41.72,126.92,333,2,54374
,,55299,Nagqu,,CN,31.48,92.07,4508,2,55299
,,56029,Yushu,,CN,33.02,97.02,3682,2,56029
,,56080,Hezuo,,CN,34.97,102.90,2910,2,56080
,,56137,Qamdo,,CN,31.15,97.17,3307,2,56137
,,56146,Garze,,CN,31.62,100.00,3394,2,56146
,,56571,Xichang,,CN,27.90,102.27,1599,2,56571
,,56691,Weining,,CN,26.87,104.28,2236,2,56691
,,56739,Tengchong,,CN,25.03,98.48,1649,2,56739
,,56964,Simao,,CN,22.77,100.98,1303,2,56964
,,56985,Mengzi,,CN,23.38,103.38,1302,2,56985
,,57127,Hanzhong,,CN,33.07,107.03,509,2,57127
,,57178,Nanyang,,CN,33.02,112.53,131,2,57178
,,57447,Enshi,,CN,30.28,109.47,458,2,57447
,,57461,Yichang,,CN,30.70,111.28,134,2,57461
,,57749,Huaihua,,CN,27.57,110.00,261,2,57749
,,57972,Chenzhou,,CN,25.82,113.02,185,2,57972
,,58027,Xuzhou,,CN,34.28,117.15,42,2,58027
,,58150,Sheyang,,CN,33.77,120.25,7,2,58150
,,58203,Fuyang,,CN,32.93,115.83,39,2,58203
,,58362,Shanghai,,CN,31.40,121.47,4,2,58362
,,58424,Anqing,,CN,30.52,117.03,20,2,58424
,,58633,Qu Xian,,CN,28.97,118.87,71,2,58633
,,58665,Luqiao,,CN,28.65,120.08,9,2,58665
,,58725,Shaowu,,CN,27.33,117.43,192,2,58725
,,58968,Taipei,,TW,25.03,121.53,9,2,58968
,,59211,Bose,,CN,23.92,106.62,242,2,59211
,,59265,Wuzhou,,CN,23.48,111.30,120,2,59265
,,59280,Ping Yuan,,CN,23.67,113.05,19,2,59280
,,59981,Xisha Island,,CN,16.83,112.33,5,2,59981
,,06011,Thorshavn,,FO,62.02,-6.77,55,2,6011
,,60680,Tamanrasset,,DZ,22.78,5.52,1378,2,60680
,,07145,Trappes,,FR,48.77,2.02,168,2,7145
,,83566,Confis,,BR,-19.62,-43.57,827,2,83566
NZSP,,89009,Amundsen-Scott,,AQ,-90.00,0.00,2830,2,89009
,,89512,Novolazarevskaja,,AQ,-70.77,11.83,102,2,89512
,,89532,Syowa,,AQ,-69.00,39.58,21,2,89532
,,89571,Davis,,AQ,-68.57,77.95,13,2,89571
,,89592,Mirnyy,,AQ,-66.55,93.02,30,2,89592
,,89611,Casey,,AQ,-66.28,110.52,41,2,89611
,,89642,Dumont D'Urville,,AQ,-66.67,140.02,43,2,89642
,,89664,McMurdo,,AQ,-77.85,166.67,34,2,89664
,,91925,Atuona,,PF,-9.80,-139.03,52,2,91925
,,91948,Rikitea,,PF,-23.13,-134.97,89,2,91948
,,94299,Willis Island,,AU,-16.30,149.98,9,2,94299
,,94638,Esperance,,AU,-33.82,121.88,26,2,94638
YLHI,LDH,94995,Lord Howe Island,,AU,-31.53,159.07,6,2,94995
YMOR,MRZ,95527,Moree,,AU,-29.50,149.83,214,2,95527
KABQ,ABQ,72365,Albuquerque,NM,US,35.05,-106.62,1618,2,ABQ
KABR,ABR,72659,Aberdeen,SD,US,45.45,-98.42,397,2,ABR
KAMA,AMA,72363,Amarillo,TX,US,35.23,-101.70,1093,2,AMA
KAPX,APX,72634,Gaylord/Alpena,MI,US,44.9,-84.7166666667,446,2,APX
BGAM,,04360,Angmagssalik,,GL,65.60,-37.63,50,2,BGAM
BGBW,,04270,Narssarssuaq,,GL,61.18,-45.43,4,2,BGBW
BGDH,,04320,Danmarkshavn,,GL,76.77,-18.67,12,2,BGDH
BGEM,,04220,Aasiaat,,GL,68.70,-52.75,40,2,BGEM
BGSC,,04339,Scoresbysund,,GL,70.48,-21.97,66,2,BGSC
BIKF,,04018,Keflavik,,IS,63.97,-22.60,54,2,BIKF
KBIS,BIS,72764,Bismarck,ND,US,46.78,-100.75,505,2,BIS
KBMX,BMX,72230,Birmingham,AL,US,33.1666666667,-86.7666666667,197,2,BMX
KBNA,BNA,72327,Nashville,TN,US,36.12,-86.68,210,2,BNA
KBOI,BOI,72681,Boise,ID,US,43.58,-116.22,875,2,BOI
KBRO,BRO,72250,Brownsville,TX,US,25.90,-97.43,7,2,BRO
KBUF,BUF,72528,Buffalo,NY,US,42.94,-78.73,211,2,BUF
KCAR,CAR,72712,Caribou,ME,US,46.88,-68.02,191,2,CAR
KCHH,CHH,74494,Chatham,MA,US,41.68,-69.97,16,2,CHH
KCHS,CHS,72208,Charleston,SC,US,32.91,-80.03,13,2,CHS
KCRP,CRP,72251,Corpus Christi,TX,US,27.77,-97.50,14,2,CRP
DAAG,,60390,Dar-El-Beida,,DZ,36.72,3.25,25,2,DAAG
KDDC,DDC,72451,Dodge City,KS,US,37.78,-99.97,789,2,DDC
DIAP,,65578,Abidjan,,CI,5.25,-3.93,8,2,DIAP
KDNR,DNR,72469,Denver,CO,US,39.75,-104.866666667,1608,2,DNR
KDRT,DRT,72261,Del Rio,TX,US,29.38,-100.92,313,2,DRT
KDTX,DTX,72632,Detroit,MI,US,42.71,-83.47,327,2,DTX
KDVN,DVN,74455,Davenport,IA,US,41.62,-90.58,230,2,DVN
EDZE,,10410,Essen/Mulheim,,DE,51.40,6.97,153,2,EDZE
EFSO,SOT,02836,Sodankyla,,FI,67.37,26.65,178,2,EFSO
EGYP,MPN,88889,Mount Pleasant,,FK,-51.82,-58.45,73,2,EGYP
ENAN,ANX,01010,Andenes,,NO,69.30,16.15,14,2,ENAN
ENJA,,01001,Jan Mayen,,NO,70.93,-8.67,9,2,ENJA
ENOL,OLA,01241,Orland,,NO,63.70,9.60,7,2,ENOL
ENZV,SVG,01415,Stavanger,,NO,58.87,5.67,33,2,ENZV
KEPZ,EPZ,72364,El Paso,TX,US,31.87,-106.7,1251,2,EPZ
ESQV,,02591,Visby,,SE,57.65,18.35,45,2,ESQV
ETGB,,10238,Bergen,,DE,52.82,9.93,69,2,ETGB
ETGI,,10618,Idar-Oberstein,,DE,49.70,7.33,376,2,ETGI
ETGK,,10771,Kuemmersbruck,,DE,49.43,11.90,419,2,ETGK
KEYW,EYW,72201,Key West,FL,US,24.55,-81.75,5,2,EYW
FACT,CPT,68816,Cape Town,,ZA,-33.98,18.60,42,2,FACT
FAGE,,68906,Gough Island,,ZA,-40.35,-9.88,54,2,FAGE
FAUP,UTN,68424,Upington,,ZA,-28.40,21.27,836,2,FAUP
FCOU,OUE,64458,Ouesso,,CG,1.62,16.05,352,2,FCOU
FCPP,PNR,64400,Pointe-Noire,,CG,-4.82,11.90,17,2,FCPP
KFFC,FFC,72215,Peachtree City,GA,US,33.35,-84.56,262,2,FFC
KFGZ,FGZ,72376,Flagstaff,AZ,US,35.23,-111.82,2192,2,FGZ
FKKD,DLA,64910,Douala,,CM,4.00,9.70,9,2,FKKD
KFWD,FWD,72249,Fort Worth,TX,US,32.8166666667,-97.2833333333,196,2,FWD
GABS,BKO,61291,Bamako,,ML,12.53,-7.95,381,2,GABS
KGGW,GGW,72768,Glasgow,MT,US,48.21,-106.63,694,2,GGW
KGJT,GJT,72476,Grand Junction,CO,US,39.12,-108.53,1475,2,GJT
GMMC,CAS,60155,Casablanca,,MA,33.57,-7.67,62,2,GMMC
GOOY,DKR,61641,Dakar,,SN,14.73,-17.50,24,2,GOOY
KGRB,GRB,72645,Green Bay,WI,US,44.48,-88.13,208,2,GRB
KGSO,GSO,72317,Greensboro,NC,US,36.01,-79.95,275,2,GSO
KGYX,GYX,74389,Gray,ME,US,43.9,-70.25,125,2,GYX
HKNC,,63741,Nairobi,,KE,-1.30,36.75,1798,2,HKNC
KIAD,IAD,72403,Washington/Dulles,VA,US,38.96,-77.45,93,2,IAD
KILN,ILN,72426,Wilmington,OH,US,39.43,-83.8,322,2,ILN
KILX,ILX,74560,Lincoln,IL,US,40.15,-89.3333333333,177,2,ILX
KINL,INL,72747,International Falls,MN,US,48.58,-93.38,360,2,INL
KJAN,JAN,72235,Jackson,MS,US,32.33,-90.08,91,2,JAN
KJAX,JAX,72206,Jacksonville,FL,US,30.4941,-81.6879,10,2,JAX
KLBF,LBF,72562,North Platte,NE,US,41.14,-100.68,847,2,LBF
KLCH,LCH,72240,Lake Charles,LA,US,30.12,-93.22,4,2,LCH
LDDD,,14240,Zagreb,,HR,45.82,16.03,123,2,LDDD
LFBD,BOD,07510,Bordeaux,,FR,44.83,-0.70,45,2,LFBD
LFKJ,AJA,07761,Ajaccio,,FR,41.92,8.80,5,2,LFKJ
LFME,,07645,Nimes,,FR,43.87,4.40,60,2,LFME
LFRB,BES,07110,Brest,,FR,48.45,-4.42,99,2,LFRB
LGIR,HER,16754,Heraklion,,GR,35.33,25.18,39,2,LGIR
LGTS,SKG,16622,Thessaloniki,,GR,40.52,22.97,4,2,LGTS
LHUD,,12982,Szeged,,HU,46.25,20.10,84,2,LHUD
LIBR,BDS,16320,Brindisi,,IT,40.65,17.95,10,2,LIBR
LICT,TPS,16429,Trapani,,IT,37.92,12.50,14,2,LICT
LIML,LIN,16080,Milano,,IT,45.43,9.28,103,2,LIML
LIPD,UDN,16044,Udine,,IT,46.03,13.18,92,2,LIPD
LIRE,,16245,Pomezia,,IT,41.65,12.43,12,2,LIRE
KLKN,LKN,72582,Elko,NV,US,40.8666666667,-115.716666667,1608,2,LKN
,LMN,74647,Lamont Profiler,OK,US,36.6833333333,-97.4666666667,306,2,LMN
LRBS,BBU,15420,Bucharest,,RO,44.50,26.13,91,2,LRBS
LSMP,,06610,Payerne,,CH,46.82,6.95,490,2,LSMP
LTBM,,17240,Isparta,,TR,37.75,30.55,997,2,LTBM
KLZK,LZK,72340,Little Rock,AR,US,34.84,-92.25,173,2,LZK
KMAF,MAF,72265,Midland,TX,US,31.933,-102.2,874,2,MAF
KMFL,MFL,72202,Miami,FL,US,25.75,-80.3666666667,5,2,MFL
KMFR,MFR,72597,Medford,OR,US,42.38,-122.87,396,2,MFR
KMHX,MHX,72305,Morehead/Newport,NC,US,34.7666666667,-76.8666666667,9,2,MHX
KMPX,MPX,72649,Twin Cities/Chanhassen,MN,US,44.85,-93.5666666667,288,2,MPX
NCRG,RAR,91843,Rarotonga,,CK,-21.20,-159.82,7,2,NCRG
NFFN,NAN,91680,Nadi,,FJ,-17.75,177.45,18,2,NFFN
NGTA,TRW,91610,Tarawa,,KI,1.35,172.92,4,2,NGTA
KNKX,NKX,72293,San Diego,CA,US,32.88,-117.15,146,2,NKX
NTAA,PPT,91938,Tahiti Island,,PF,-17.55,-149.62,2,2,NTAA
NWWN,,91592,Noumea,,NC,-22.27,166.45,72,2,NWWN
KOAK,OAK,72493,Oakland,CA,US,37.7,-122.22,26,2,OAK
OAKB,KBL,40948,Kabul,,AH,34.55,69.22,1791,2,OAKB
KOAX,OAX,72558,Omaha/Valley,NE,US,41.3166666667,-96.3666666667,350,2,OAX
OEAB,AHB,41112,Abha,,SA,18.23,42.65,2084,2,OEAB
OEHL,HAS,40394,Ha'il,,SA,27.52,41.73,1013,2,OEHL
OEJN,JED,41024,Jeddah,,SA,21.67,39.15,17,2,OEJN
OEMA,MED,40430,Madinah,,SA,24.55,39.72,636,2,OEMA
OEPA,AQI,40373,Al Qaysumah,,SA,28.33,46.12,355,2,OEPA
OERK,RUH,40437,Riyadh,,SA,24.93,46.72,612,2,OERK
OETB,TUU,40375,Tabuk,,SA,28.37,36.58,770,2,OETB
OICC,KSH,40766,Kermanshah,,IR,34.27,47.12,1322,2,OICC
OIFM,IFM,40800,Esfahan,,IR,32.62,51.67,1590,2,OIFM
OIII,THR,40754,Tehran,,IR,35.68,51.35,1191,2,OIII
OIKB,BND,40875,Bandar Abbas,,IR,27.22,56.37,10,2,OIKB
OIMM,MHD,40745,Mashhad,,IR,36.27,59.63,980,2,OIMM
OISS,SYZ,40848,Shiraz,,IR,29.53,52.58,1491,2,OISS
OKBK,KWI,40582,Kuwait,,KW,29.22,47.98,55,2,OKBK
KOKX,OKX,72501,Brookhaven/Upton,NY,US,40.8666666667,-72.8666666667,26,2,OKX
OMAA,AUH,41217,Abu Dhabi,,AE,24.43,54.65,27,2,OMAA
OOMS,MCT,41256,Muscat,,OM,23.58,58.28,17,2,OOMS
OOSA,SLL,41316,Salalah,,OM,17.03,54.08,17,2,OOSA
KOTX,OTX,72786,Spokane,WA,US,47.68,-117.63,727,2,OTX
KOUN,OUN,72357,Norman,OK,US,35.246,-97.472,357,2,OUN
KPIT,PIT,72520,Pittsburgh,PA,US,40.51,-80.22,357,2,PIT
PKMJ,MAJ,91376,Majuro,,MH,7.08,171.38,3,2,PKMJ
PTKK,TKK,91334,Weno Island,,FM,7.47,151.85,2,2,PTKK
PTPN,PNI,91348,Ponape Island,,FM,6.97,158.22,46,2,PTPN
PTRO,ROR,91408,Palau Island,,FM,7.33,134.48,33,2,PTRO
PTYA,YAP,91413,Yap Island,,FM,9.48,138.08,17,2,PTYA
KREV,REV,72489,Reno,NV,US,39.5666666667,-119.8,1516,2,REV
KRIW,RIW,72672,Riverton,WY,US,43.05,-108.45,1697,2,RIW
RJAM,MUS,47991,Minamitorishima,,JP,24.30,153.97,9,2,RJAM
RJAO,,47971,Chichijima Island,,JP,27.08,142.18,8,2,RJAO
RJNH,,47681,Hamamatsu,,JP,34.73,137.67,48,2,RJNH
RJSM,MSJ,47580,Misawa,,JP,40.68,141.38,39,2,RJSM
RKJJ,KWJ,47158,Kwangju,,KO,35.12,126.82,13,2,RKJJ
RKSO,OSN,47122,Osan,,KO,37.10,127.03,12,2,RKSO
KRNK,RNK,72318,Blacksburg,VA,US,37.2,-80.4,648,2,RNK
ROIG,ISG,47918,Ishigakijima Island,,JP,24.33,124.17,7,2,ROIG
ROMD,MMD,47945,Minamidaito Island,,JP,25.83,131.23,20,2,ROMD
RPLI,LAO,98223,Laoag,,PH,18.18,120.53,5,2,RPLI
RPMD,DVO,98753,Davao City,,PH,7.12,125.65,18,2,RPMD
RPLP,LGP,98444,Legazpi City,,PH,13.13,123.73,17,2,RPMP
RPVM,CEB,98646,Mactan,,PH,10.30,123.97,24,2,RPMT
RPUB,BAG,98328,Baguio City,,PH,16.37,120.62,1501,2,RPUB
RPVP,PPS,98618,Puerto Princesa,,PH,9.74,118.76,15,2,RPVP
SAEZ,EZE,87576,Buenos Aires,,AR,-34.82,-58.53,20,2,SAEZ
SAME,MDZ,87418,Mendoza,,AR,-32.83,-68.78,704,2,SAME
SARE,RES,87155,Resistencia,,AR,-27.45,-59.05,52,2,SARE
SBAT,AFL,82965,Alta Floresta,,BR,-9.87,-56.10,288,2,SBAT
SBBE,BEL,82193,Belem,,BR,-1.38,-48.48,16,2,SBBE
SBCT,CWB,83840,Curitiba,,BR,-25.52,-49.17,908,2,SBCT
SBFI,IGU,83827,Foz Do Iguacu,,BR,-25.52,-54.58,243,2,SBFI
SBFN,FEN,82400,Fernando De Noronha,,BR,-3.85,-32.42,56,2,SBFN
SBGL,GIG,83746,Rio De Janeiro,,BR,-22.82,-43.25,6,2,SBGL
SBMN,PLL,82332,Manaus,,BR,-3.15,-59.98,84,2,SBMN
SBMT,SAO,83779,Sao Paulo,,BR,-23.52,-46.63,722,2,SBMT
SBNT,NAT,82599,Natal,,BR,-5.92,-35.25,52,2,SBNT
SBPA,POA,83971,Porto Alegre,,BR,-30.00,-51.18,3,2,SBPA
SBPV,PVH,82824,Porto Velho,,BR,-8.77,-63.92,88,2,SBPV
SBVH,BVH,83208,Vilhena,,BR,-12.73,-60.13,652,2,SBVH
SCIP,IPC,85469,Easter Island,,CL,-27.15,-109.42,47,2,SCIP
SCSN,,85586,Valparaiso,,CL,-33.65,-71.62,75,2,SCSN
KSGF,SGF,72440,Springfield,MO,US,37.23,-93.4,390,2,SGF
KSHV,SHV,72248,Shreveport,LA,US,32.45,-93.83,83,2,SHV
KSLC,SLC,72572,Salt Lake City,UT,US,40.79,-111.97,1286,2,SLC
KSLE,SLE,72694,Salem,OR,US,44.93,-123.02,59,2,SLE
SOCA,CAY,81405,Cayenne,,GF,4.83,-52.37,9,2,SOCA
KTBW,TBW,72210,Tampa,FL,US,27.7,-82.4,12,2,TBW
KTFX,TFX,72776,Great Falls,MT,US,47.4666666667,-111.383333333,1132,2,TFX
KTLH,TLH,72214,Tallahassee,FL,US,30.4,-84.35,19,2,TLH
KTOP,TOP,72456,Topeka,KS,US,39.08,-95.62,268,2,TOP
UATT,AKX,35229,Aktyubinsk,,RU,50.28,57.15,224,2,UATT
UEEE,YKS,24959,Yakutsk,,RU,62.08,129.75,103,2,UEEE
UHMM,GDX,25913,Magadan,,RU,59.58,150.78,118,2,UHMM
UHPP,PKC,32540,Petropavlovsk-Kamchatskiy,,RU,52.97,158.75,24,2,UHPP
UHSS,UUS,32150,Yuzno-Sahalinsk,,RU,46.92,142.73,31,2,UHSS
UIKK,,30230,Kirensk,,RU,57.77,108.12,258,2,UIKK
KUIL,UIL,72797,Quillayute,WA,US,47.96,-124.55,54,2,UIL
UINN,,29698,Nizhneudinsk,,RU,54.88,99.03,410,2,UINN
UKKK,IEV,33345,Kiev,,UA,50.40,30.45,167,2,UKKK
UKLL,LWO,33393,Lviv,,UA,49.82,23.95,325,2,UKLL
UKOO,ODS,33837,Odesa,,UA,46.43,30.77,43,2,UKOO
ULLI,LED,26063,St. Petersburg,,RU,59.97,30.30,4,2,ULLI
ULMM,MMK,22113,Murmansk,,RU,68.97,33.05,51,2,ULMM
ULOL,VLU,26477,Velikiye Luki,,RU,56.38,30.60,98,2,ULOL
ULTT,,26038,Tallin,,RU,59.45,24.80,44,2,ULTT
UNNN,,29634,Novosibirsk,,RU,55.03,82.90,176,2,UNNN
URRR,ROV,34731,Rostov-Na-Donu,,RU,47.25,39.82,77,2,URRR
USHH,HMA,23933,Khanty-Mansiysk,,RU,60.97,69.07,40,2,USHH
UUOO,VOZ,34122,Voronez,,RU,51.67,39.27,104,2,UUOO
UWPP,PEZ,27962,Penza,,RU,53.13,45.02,174,2,UWPP
VAAH,AMD,42647,Ahmedabad,,IN,23.07,72.63,55,2,VAAH
VABB,BOM,43003,Mumbai,,IN,19.12,72.85,14,2,VABB
VANP,NAG,42867,Nagpur,,IN,21.10,79.05,310,2,VANP
VEAT,IXA,42724,Agartala,,IN,23.88,91.25,16,2,VEAT
VEBS,BBI,42971,Bhubaneswar,,IN,20.25,85.83,46,2,VEBS
VECC,CCU,42809,Kolkata,,IN,22.65,88.45,6,2,VECC
VEGT,GAU,42410,Guwahati,,IN,26.10,91.58,54,2,VEGT
VEPB,,43333,Port Blair,,IN,11.67,92.72,79,2,VEPB
VERC,IXR,42701,Ranchi,,IN,23.32,85.32,652,2,VERC
VIDD,,42182,New Delhi,,IN,28.58,77.20,216,2,VIDD
VIGR,GWL,42361,Gwalior,,IN,26.23,78.25,207,2,VIGR
VIJO,JDH,42339,Jodhpur,,IN,26.30,73.02,224,2,VIJO
VILK,LKO,42369,Lucknow,,IN,26.75,80.88,128,2,VILK
VOHY,BPM,43128,Hyderabad,,IN,17.45,78.47,545,2,VOHY
VOMM,MAA,43279,Madras,,IN,13.00,80.18,16,2,VOMM
VVDN,DAD,48855,Da Nang,,VN,16.03,108.18,7,2,VVDN
VVTS,SGN,48900,Ho Chi Minh City,,VN,10.82,106.67,19,2,VVTS
WAAA,UPG,97180,Makassar,,ID,-5.07,119.55,14,2,WAAA
WABB,BIK,97560,Biak,,ID,-1.18,136.12,11,2,WABB
WAKK,MKQ,97980,Merauke,,ID,-8.47,140.38,3,2,WAKK
KWAL,WAL,72402,Wallops Island,VA,US,37.94,-75.47,14,2,WAL
WAML,,97072,Palu,,ID,-0.68,119.73,6,2,WAML
WAMM,MDC,97014,Menado,,ID,1.53,124.92,80,2,WAMM
WAPP,AMQ,97724,Ambon,,ID,-3.70,128.08,12,2,WAPP
WBGB,BTU,96441,Bintulu,,MY,3.20,113.03,5,2,WBGB
WBGG,KCH,96413,Kuching,,MY,1.48,110.33,27,2,WBGG
WBKW,TWU,96481,Tawau,,MY,4.27,117.88,20,2,WBKW
WIII,CGK,96749,Jakarta,,ID,-6.12,106.65,8,2,WIII
WIKK,PGK,96237,Pangkal Pinang,,ID,-2.17,106.13,33,2,WIKK
WIMG,PDG,96163,Padang,,ID,-0.88,100.35,3,2,WIMG
WIMM,KNO,96035,Medan,,ID,3.57,98.68,25,2,WIMM
WION,NTX,96147,Natuna,,ID,3.95,108.38,2,2,WION
WMKC,KBR,48615,Kota Bharu,,MY,6.17,102.28,5,2,WMKC
WMKD,KUA,48657,Kuantan,,MY,3.78,103.22,16,2,WMKD
WMKP,PEN,48601,George Town,,MY,5.30,100.27,4,2,WMKP
CWPL,WPL,71845,Pickle Lake,ON,CA,51.48,-90.2,373,2,WPL
WRKK,,97372,Kupang,,ID,-10.17,123.67,108,2,WRKK
WRSJ,,96935,Surabaya,,ID,-7.37,112.77,3,2,WRSJ
CWSE,WSE,71119,Edmonton,AB,CA,53.5333333333,-114.083333333,766,2,WSE
WSSS,SIN,48698,Singapore,,SG,1.37,103.98,16,2,WSSS
KXMR,XMR,74794,Cocoa Beach,FL,US,28.468,-80.567,3,2,XMR
CYAH,YAH,71823,La Grande Iv,QB,CA,53.76,-73.67,306,2,YAH
YBBN,BNE,94578,Brisbane,,AU,-27.38,153.10,5,2,YBBN
YBCV,CTL,94510,Charleville,,AU,-26.40,146.27,304,2,YBCV
CYBK,YBK,71926,Baker Lake,NU,CA,64.3,-96.0,18,2,YBK
YBMA,ISA,94332,Mount Isa,,AU,-20.67,139.48,344,2,YBMA
YBRK,ROK,94374,Rockhampton,,AU,-23.38,150.47,14,2,YBRK
YBRM,BME,94203,Broome,,AU,-17.95,122.22,9,2,YBRM
YBTL,TSV,94294,Townsville,,AU,-19.25,146.75,6,2,YBTL
CYCB,YCB,71925,Cambridge Bay,NU,CA,69.1,-105.1,27,2,YCB
YDGV,,94150,Nhulunbuy,,AU,-12.27,136.82,54,2,YDGV
CYEV,YEV,71957,Inuvik,NT,CA,68.3,-133.5,68,2,YEV
CYJT,YJT,71815,Stephenville,NF,CA,48.54,-58.55,26,2,YJT
CYLW,YLW,71203,Kelowna,BC,CA,49.97,-119.39,430,2,YLW
YMHB,HBA,94975,Hobart,,AU,-42.83,147.48,27,2,YMHB
YMML,MEL,94866,Melbourne,,AU,-37.67,144.83,141,2,YMML
YMMQ,,94998,Macquarie Island,,AU,-54.48,158.93,6,2,YMMQ
CYMO,YMO,71836,Moosonee,ON,CA,51.289,-80.614,10,2,YMO
YPAD,ADL,94672,Adelaide,,AU,-34.93,138.52,4,2,YPAD
YPCC,CCK,96996,Cocos Island,,CC,-12.18,96.82,3,2,YPCC
YPDN,DRW,94120,Darwin,,AU,-12.40,130.87,30,2,YPDN
YPLM,LEA,94302,Exmouth,,AU,-22.23,114.08,6,2,YPLM
YPMR,,94430,Meekatharra,,AU,-26.60,118.53,518,2,YPMR
YPPD,PHE,94312,Port Hedland,,AU,-20.37,118.62,6,2,YPPD
YPPH,PER,94610,Perth,,AU,-31.93,115.95,29,2,YPPH
YPWR,UMR,94659,Woomera,,AU,-31.13,136.82,167,2,YPWR
CYQD,YQD,71867,The Pas,MB,CA,53.98,-101.1,271,2,YQD
CYRB,YRB,71924,Resolute,NU,CA,74.72,-94.95,67,2,YRB
CYSM,YSM,71934,Fort Smith,NT,CA,60.01,-112.0,203,2,YSM
YSNF,NLK,94996,Norfolk Island,,AU,-29.03,167.93,109,2,YSNF
YSWM,,94776,Williamtown,,AU,-32.78,151.82,8,2,YSWM
CYUX,,71081,Hall Beach,NU,CA,68.79,-81.25,8,2,YUK
CYVP,YVP,71906,Kuujjuaq,QB,CA,58.11,-68.42,60,2,YVP
CYVQ,YVQ,71043,Norman Wells,NT,CA,65.28,-126.8,74,2,YVQ
CYXY,YXY,71964,Whitehorse,YK,CA,60.73,-135.07,703,2,YXY
CYYE,YYE,71945,Fort Nelson,BC,CA,58.84,-122.6,382,2,YYE
CYYQ,YYQ,71913,Churchill,MB,CA,58.73,-94.07,29,2,YYQ
CYYR,YYR,71816,Goose Bay,NF,CA,53.33,-60.42,49,2,YYR
CYZS,YZS,71915,Coral Harbour,NU,CA,64.2,-83.37,64,2,YZS
CYZT,YZT,71109,Port Hardy,BC,CA,50.69,-127.37,22,2,YZT
CYZV,YZV,71811,Sept Iles,QB,CA,50.23,-66.27,55,2,YZV
ZBAA,PEK,54511,Beijing,,CN,39.93,116.28,55,2,ZBAA
ZBHH,HET,53463,Hohhot,,CN,40.82,111.68,1065,2,ZBHH
ZBYN,TYN,53772,Taiyuan,,CN,37.78,112.55,779,2,ZBYN
ZGCS,,57679,Changsha,,CN,28.20,113.08,46,2,ZGCS
ZGHK,,59758,Haikou,,CN,20.03,110.35,15,2,ZGHK
ZGKL,KWL,57957,Guilin,,CN,25.33,110.30,166,2,ZGKL
ZGNN,NNG,59431,Nanning,,CN,22.82,108.35,73,2,ZGNN
ZGOW,SWA,59316,Shantou,,CN,23.40,116.68,3,2,ZGOW
ZHCC,CGO,57083,Zhengzhou,,CN,34.72,113.65,111,2,ZHCC
ZHHH,WUH,57494,Wuhan,,CN,30.62,114.13,23,2,ZHHH
ZLIC,INC,53614,Yinchuan,,CN,38.48,106.22,1112,2,ZLIC
ZLJQ,JGN,52533,Jiuquan,,CN,39.77,98.48,1478,2,ZLJQ
ZLXN,XNN,52866,Xining,,CN,36.62,101.77,2262,2,ZLXN
ZLYA,ENY,53845,Yan An,,CN,36.60,109.50,959,2,ZLYA
ZPPP,KMG,56778,Kunming,,CN,25.02,102.68,1892,2,ZPPP
ZSCN,KHN,58606,Nanchang,,CN,28.60,115.92,50,2,ZSCN
ZSFZ,FOC,58847,Fuzhou,,CN,26.08,119.28,85,2,ZSFZ
ZSGZ,KOW,57993,Ganzhou,,CN,25.85,114.95,125,2,ZSGZ
ZSHC,HGH,58457,Hangzhou,,CN,30.23,120.17,43,2,ZSHC
ZSNJ,NKG,58238,Nanjing,,CN,32.00,118.80,12,2,ZSNJ
ZSQD,TAO,54857,Qingdao,,CN,36.07,120.33,77,2,ZSQD
ZUCK,CKG,57516,Chongqing,,CN,29.52,106.48,351,2,ZUCK
ZUGY,KWE,57816,Guiyang,,CN,26.58,106.72,1074,2,ZUGY
ZULS,LXA,55591,Lhasa,,CN,29.67,91.13,3650,2,ZULS
ZWHM,HMI,52203,Hami,,CN,42.82,93.52,739,2,ZWHM
ZWSH,KHG,51709,Kashi,,CN,39.47,75.98,1291,2,ZWSH
ZWTN,HTN,51828,Hotan,,CN,37.13,79.93,1375,2,ZWTN
ZWYN,YIN,51431,Yining,,CN,43.95,81.33,663,2,ZWYN
CZXS,,71908,Prince George,BC,CA,53.90,-122.80,601,2,ZXS
ZYCC,CGQ,54161,Changchun,,CN,43.90,125.22,238,2,ZYCC
ZYTL,DLC,54662,Dalian,,CN,38.90,121.63,97,2,ZYTL
ZYYY,,54342,Shenyang,,CN,41.77,123.43,43,2,ZYYY
LOWI,,11120,Innsbruck,,AT,47.27,11.35,581,2,LOWI
